A32, L, 0.00, Drapers, 1970-01-01 05:00:00+00:00, 1970-01-01 05:00:00+00:00, , , 1970-01-01 05:00:00+00:00, 1
A33, S, 0.00, Endoscopy, 2012-04-01 04:00:00+00:00, 1970-01-01 05:00:00+00:00, , , 1970-01-01 05:00:00+00:00, 1
A40, L, 0.00, Autoscopy Kit, 1970-01-01 05:00:00+00:00, 2012-01-18 05:00:00+00:00, , , 1970-01-01 05:00:00+00:00, 1
A45, L, 0.00, Dental Mix, 1970-01-01 05:00:00+00:00, 2012-03-23 04:00:00+00:00, , , 1970-01-01 05:00:00+00:00, 1
A46, S, 0.00, Dental Exam Capes, 1970-01-01 05:00:00+00:00, 2012-05-23 04:00:00+00:00, , , 1970-01-01 05:00:00+00:00, 1
A47, S, 0.00, Dental Exam Capes, 1970-01-01 05:00:00+00:00, 2012-05-23 04:00:00+00:00, , , 1970-01-01 05:00:00+00:00, 1
A48, L, 19.00, OB Supplies, 2014-06-01 04:00:00+00:00, 2012-10-21 04:00:00+00:00, , , 1970-01-01 05:00:00+00:00, 1
A49, L, 23.00, OB/GYN Supplies, 2014-01-01 05:00:00+00:00, 2012-10-21 04:00:00+00:00, , , 1970-01-01 05:00:00+00:00, 1
A50, L, 22.50, Pediatric Chest Drains, 2016-06-01 04:00:00+00:00, 2012-10-24 04:00:00+00:00, , , 1970-01-01 05:00:00+00:00, 1
A51, S, 7.00, Pediatric Multivent Oxygen Masks, 1970-01-01 05:00:00+00:00, 2012-10-25 04:00:00+00:00, , , 1970-01-01 05:00:00+00:00, 1
A54, L, 17.00, Pediatric Respiratory Supplies: Breathing Circuits (14); O2 Masks (45); Suction Catheters; Tracheostomy Tubes, 2014-02-01 05:00:00+00:00, 2012-10-31 04:00:00+00:00, , , 1970-01-01 05:00:00+00:00, 1
A55, L, 20.00, Pediatric Supplies: Umbilical Clamps; Tape Measures; Nipples; Feeding Bottles; Electrodes (6 Bags), 2014-02-01 05:00:00+00:00, 2012-10-31 04:00:00+00:00, , , 1970-01-01 05:00:00+00:00, 1
A56, S, 6.00, OB/GYN: Sterile Swabs, 2016-03-01 05:00:00+00:00, 2012-10-31 04:00:00+00:00, , , 1970-01-01 05:00:00+00:00, 1
A57, S, 6.50, OB/GYN: Sterile Swabs, 2016-11-01 04:00:00+00:00, 2012-10-31 04:00:00+00:00, , , 1970-01-01 05:00:00+00:00, 1
A58, S, 8.00, OB/GYN: Sterile Swabs (~2000), 2016-08-01 04:00:00+00:00, 2012-10-31 04:00:00+00:00, , , 1970-01-01 05:00:00+00:00, 1
A59, S, 7.00, OB/GYN: Sterile Swabs (~1800), 2016-01-01 05:00:00+00:00, 2012-10-31 04:00:00+00:00, , , 1970-01-01 05:00:00+00:00, 1
A60, S, 9.50, Pediatric Nebulizers: 23 Neb-U-Mask Systems, 1970-01-01 05:00:00+00:00, 2012-11-02 04:00:00+00:00, , , 1970-01-01 05:00:00+00:00, 1
A61, S, 5.50, Pediatric Nebulizers w/ Mask (45), 1970-01-01 05:00:00+00:00, 2012-11-02 04:00:00+00:00, , , 1970-01-01 05:00:00+00:00, 1
A62, L, 19.00, GYN Mix, 2014-05-01 04:00:00+00:00, 2012-11-19 05:00:00+00:00, , , 1970-01-01 05:00:00+00:00, 1
A62, S, 5.50, Pediatric Nebulizer w/ Masks, 1970-01-01 05:00:00+00:00, 2012-11-19 05:00:00+00:00, , , 1970-01-01 05:00:00+00:00, 1
A63, L, 17.00, Pediatric Diapers (Preemie & Small), 1970-01-01 05:00:00+00:00, 2012-11-19 05:00:00+00:00, , , 1970-01-01 05:00:00+00:00, 1
A64, L, 16.50, 23 Pediatric Breathing Circuits, 1970-01-01 05:00:00+00:00, 2012-11-26 05:00:00+00:00, , , 1970-01-01 05:00:00+00:00, 1
A66, L, 23.00, Pediatric Mix, 1970-01-01 05:00:00+00:00, 2012-12-03 05:00:00+00:00, , , 1970-01-01 05:00:00+00:00, 1
A67, S, 7.00, 46 Plastic Vaginal Speculums, 1970-01-01 05:00:00+00:00, 2012-12-06 05:00:00+00:00, , , 1970-01-01 05:00:00+00:00, 1
A68, L, 14.00, Pediatric Diapers: Preemie Size 1, 1970-01-01 05:00:00+00:00, 2012-12-14 05:00:00+00:00, , , 1970-01-01 05:00:00+00:00, 1
A69, L, 22.00, Pediatric Supplies: Trays; OR Shoes; Endotracheal Tubes; etc., 2015-12-01 05:00:00+00:00, 2012-12-14 05:00:00+00:00, , , 1970-01-01 05:00:00+00:00, 1
A70, L, 29.00, Diapers: Preemie & Pediatric, 1970-01-01 05:00:00+00:00, 2013-01-04 05:00:00+00:00, , , 1970-01-01 05:00:00+00:00, 1
A71, L, 22.00, Pediatric Supplies: Trach. Tubes; Feeders; Post-Op Bots; Slings; etc., 2014-02-01 05:00:00+00:00, 2013-01-08 05:00:00+00:00, , , 1970-01-01 05:00:00+00:00, 1
A72, L, 23.00, Pedatrics Supplies: 100 Electrodes; 50 O2 Probes; 25 Feeding Syringes; etc., 1970-01-01 05:00:00+00:00, 2013-01-08 05:00:00+00:00, , , 1970-01-01 05:00:00+00:00, 1
A73, L, 18.00, OB/Gyn Mix: Umbilical clamps; Cord Blood Collection, 2015-05-01 04:00:00+00:00, 2013-01-28 05:00:00+00:00, , , 1970-01-01 05:00:00+00:00, 1
A74, L, 22.40, OB Pads (Incontinence & Postpartum) ~300; 1 Bag Misc. Pads, 1970-01-01 05:00:00+00:00, 1970-01-01 05:00:00+00:00, , , 1970-01-01 05:00:00+00:00, 1
A75, L, 15.50, Pediatric Supplies: Trach Trays; Holders; Masks, 2014-09-01 04:00:00+00:00, 2013-01-28 05:00:00+00:00, , , 1970-01-01 05:00:00+00:00, 1
A76, L, 22.00, Pediatric Supplies: Chest Drains; Circumsion Kits; Respiratory Mix, 2015-08-01 04:00:00+00:00, 2013-01-28 05:00:00+00:00, , , 1970-01-01 05:00:00+00:00, 1
A77, L, 26.00, OB Pads for Incontinence ~390, 1970-01-01 05:00:00+00:00, 1970-01-01 05:00:00+00:00, , , 1970-01-01 05:00:00+00:00, 1
A78, L, 19.00, Pediatric Diapers, 1970-01-01 05:00:00+00:00, 2013-02-07 05:00:00+00:00, , , 1970-01-01 05:00:00+00:00, 1
A79, L, 16.00, OB Speculums x94, 1970-01-01 05:00:00+00:00, 2013-03-05 05:00:00+00:00, , , 1970-01-01 05:00:00+00:00, 1
A80, L, 12.00, Pediatric Urine Collectors, Diapers, 1970-01-01 05:00:00+00:00, 2013-03-05 05:00:00+00:00, , , 1970-01-01 05:00:00+00:00, 1
A81, L, 18.00, Pediatic Supplies: Respiratory; Cardiac; IV, 1970-01-01 05:00:00+00:00, 2013-03-15 04:00:00+00:00, , , 1970-01-01 05:00:00+00:00, 1
A82, L, 17.00, Pediatric Supplies: Blood Collection; Feeding Bottles, 1970-01-01 05:00:00+00:00, 2013-03-05 05:00:00+00:00, , , 1970-01-01 05:00:00+00:00, 1
A83, S, 8.50, OB/GYN Mix: Vaginal Swabs, 2016-11-01 04:00:00+00:00, 2013-03-15 04:00:00+00:00, , , 1970-01-01 05:00:00+00:00, 1
A84, S, 7.00, Vaginal Speculums (Disposable): Med. x35; Lg. x15, 1970-01-01 05:00:00+00:00, 2013-04-01 04:00:00+00:00, , , 1970-01-01 05:00:00+00:00, 1
A85, L, 23.00, 100 Pediatric O2 Masks w/ Tubing, 1970-01-01 05:00:00+00:00, 2013-04-26 04:00:00+00:00, , , 1970-01-01 05:00:00+00:00, 1
A86, L, 27.00, Nebulizers: 100 Pediatric Sets, 1970-01-01 05:00:00+00:00, 2013-04-26 04:00:00+00:00, , , 1970-01-01 05:00:00+00:00, 1
A87, S, 17.00, Vaginal Speculums: 40 Metal; 15 Disposable, 1970-01-01 05:00:00+00:00, 2013-04-26 04:00:00+00:00, , , 1970-01-01 05:00:00+00:00, 1
A88, L, 14.40, Pediatric Suction Catheters, 1970-01-01 05:00:00+00:00, 2013-05-13 04:00:00+00:00, , , 1970-01-01 05:00:00+00:00, 1
A89, L, 22.40, Pediatric Supplies: Circumsion Trays; ET Tubes; LMAs; Masks; Colostomy Supplies, 1970-01-01 05:00:00+00:00, 2013-06-03 04:00:00+00:00, , , 1970-01-01 05:00:00+00:00, 1
A90, L, 15.60, Pediatric Supplies, 1970-01-01 05:00:00+00:00, 2013-06-03 04:00:00+00:00, , , 1970-01-01 05:00:00+00:00, 1
A91, L, 17.00, Pediatric Supplies: Bottles; Nipples; Breast Milk Containers; Dosing Syringes, 2016-05-01 04:00:00+00:00, 2013-07-11 04:00:00+00:00, , , 1970-01-01 05:00:00+00:00, 1
A92, L, 28.00, Pediatric Supplies: Respiratory; ID Bands; Urinary; Feeding Tubes, 2016-10-01 04:00:00+00:00, 2013-07-11 04:00:00+00:00, , , 1970-01-01 05:00:00+00:00, 1
A93, L, 15.60, Pediatric Cardiac Surgical Pack Parts A & B (Sterile), 2015-01-01 05:00:00+00:00, 2013-07-11 04:00:00+00:00, , , 1970-01-01 05:00:00+00:00, 1
A94, L, 20.00, Pediatric Diapers, 1970-01-01 05:00:00+00:00, 2013-08-07 04:00:00+00:00, , , 1970-01-01 05:00:00+00:00, 1
A95, L, 30.20, OB/GYN Mix, 2015-08-01 04:00:00+00:00, 2013-08-07 04:00:00+00:00, , , 1970-01-01 05:00:00+00:00, 1
A96, L, 10.60, OB/GYN: Disposable Briefs; VP III Swabs, 2017-10-01 04:00:00+00:00, 2013-08-07 04:00:00+00:00, , , 1970-01-01 05:00:00+00:00, 1
A97, L, 20.80, Vaginal Speculums (Disposable), 1970-01-01 05:00:00+00:00, 2013-08-07 04:00:00+00:00, , , 1970-01-01 05:00:00+00:00, 1
A98, S, 19.20, Vaginal Speculums (Metal), 1970-01-01 05:00:00+00:00, 2013-08-07 04:00:00+00:00, , , 1970-01-01 05:00:00+00:00, 1
B4, U, 0.00, Feeding Bags, 1970-01-01 05:00:00+00:00, 1970-01-01 05:00:00+00:00, , , 1970-01-01 05:00:00+00:00, 1
B188, U, 0.00, 100 Kangaroo Feeding Bags, 1970-01-01 05:00:00+00:00, 2011-10-19 04:00:00+00:00, , , 1970-01-01 05:00:00+00:00, 1
B189, U, 0.00, 110 Kangaroo Feeding Bags, 1970-01-01 05:00:00+00:00, 2011-11-03 04:00:00+00:00, , , 1970-01-01 05:00:00+00:00, 1
B190, U, 0.00, Pediatric Nutrition Bags x84, 1970-01-01 05:00:00+00:00, 2011-11-03 04:00:00+00:00, , , 1970-01-01 05:00:00+00:00, 1
B191, U, 0.00, Ostomy (Convatec), 1970-01-01 05:00:00+00:00, 2011-11-03 04:00:00+00:00, , , 1970-01-01 05:00:00+00:00, 1
B192, U, 0.00, Ostomy: Convatec 13/4" Pouches & Seals, 2014-01-01 05:00:00+00:00, 2011-11-03 04:00:00+00:00, , , 1970-01-01 05:00:00+00:00, 1
B193, U, 0.00, Ostomy: Flex Seal & Hollister, 1970-01-01 05:00:00+00:00, 2011-11-03 04:00:00+00:00, , , 1970-01-01 05:00:00+00:00, 1
B194, U, 0.00, Enema Anascopes, 2013-12-01 05:00:00+00:00, 2011-11-02 04:00:00+00:00, , , 1970-01-01 05:00:00+00:00, 1
B195, U, 0.00, Kangaroo Feeding Pump (Use w/ Box of Pump Bags), 1970-01-01 05:00:00+00:00, 2011-12-13 05:00:00+00:00, , , 1970-01-01 05:00:00+00:00, 1
B196, U, 0.00, Kangaroo Feeding Pump Bags, 1970-01-01 05:00:00+00:00, 2011-12-13 05:00:00+00:00, , , 1970-01-01 05:00:00+00:00, 1
B197, U, 0.00, 35 Kangaroo Pump Bags (Must Use w/ Machine), 1970-01-01 05:00:00+00:00, 2011-12-22 05:00:00+00:00, , , 1970-01-01 05:00:00+00:00, 1
B198, U, 0.00, 80 Kangaroo Feeding Bags, 1970-01-01 05:00:00+00:00, 2012-01-12 05:00:00+00:00, , , 1970-01-01 05:00:00+00:00, 1
B200, U, 0.00, 110 Kangaroo Bags (Pump Set), 2014-03-01 05:00:00+00:00, 2012-01-18 05:00:00+00:00, , , 1970-01-01 05:00:00+00:00, 1
B201, U, 0.00, 110 Unsterile Gravity & Pump Feeding Tubes/Bags, External Lite Kangaroo, 1970-01-01 05:00:00+00:00, 2012-02-13 05:00:00+00:00, , , 1970-01-01 05:00:00+00:00, 1
B202, U, 0.00, Genairex Ostomy Pouches, Skin Barrier 1-3/4", 1970-01-01 05:00:00+00:00, 2012-02-20 05:00:00+00:00, , , 1970-01-01 05:00:00+00:00, 1
B203, U, 0.00, Hollister & Assura Ostomy Supply, 2014-01-01 05:00:00+00:00, 2012-02-20 05:00:00+00:00, , , 1970-01-01 05:00:00+00:00, 1
B204, U, 0.00, Hollister & Assura Ostomy Supply & Skin Barrier, 1970-01-01 05:00:00+00:00, 2012-02-20 05:00:00+00:00, , , 1970-01-01 05:00:00+00:00, 1
B205, U, 0.00, Hollister & Assura Ostomy Supply & Skin Barrier (Assorted Sizes), 1970-01-01 05:00:00+00:00, 2012-02-20 05:00:00+00:00, , , 1970-01-01 05:00:00+00:00, 1
B208, U, 0.00, 60 Feeding Central Bags (Gravity), 1970-01-01 05:00:00+00:00, 2012-02-20 05:00:00+00:00, , , 1970-01-01 05:00:00+00:00, 1
B209, U, 0.00, 98 Kangaroo Tube Feeding Bags, 1970-01-01 05:00:00+00:00, 2012-03-01 05:00:00+00:00, , , 1970-01-01 05:00:00+00:00, 1
B211, U, 0.00, Enteral Feeding 60cc. Syringe, 1970-01-01 05:00:00+00:00, 2012-04-12 04:00:00+00:00, , , 1970-01-01 05:00:00+00:00, 1
B212, U, 0.00, Enteral Pumps, 1970-01-01 05:00:00+00:00, 2012-04-17 04:00:00+00:00, , , 1970-01-01 05:00:00+00:00, 1
B213, U, 0.00, Colonoscopy Supplies, 1970-01-01 05:00:00+00:00, 2012-05-18 04:00:00+00:00, , , 1970-01-01 05:00:00+00:00, 1
B214, U, 0.00, 70 Kangaroo Bags, 30 Feeding Bags, 1970-01-01 05:00:00+00:00, 2012-05-23 04:00:00+00:00, , , 1970-01-01 05:00:00+00:00, 1
B215, U, 0.00, Enteral Feeding Adult, Button Feeding Peds., 1970-01-01 05:00:00+00:00, 2012-05-23 04:00:00+00:00, , , 1970-01-01 05:00:00+00:00, 1
B217, U, 0.00, Colostomy Supplies, 2014-03-01 05:00:00+00:00, 2012-05-23 04:00:00+00:00, , , 1970-01-01 05:00:00+00:00, 1
B220, U, 0.00, Enteral Irrigation Sets, 1970-01-01 05:00:00+00:00, 2012-06-20 04:00:00+00:00, , , 1970-01-01 05:00:00+00:00, 1
B221, U, 0.00, Kangaroo Bags x100, 1970-01-01 05:00:00+00:00, 2012-07-03 04:00:00+00:00, , , 1970-01-01 05:00:00+00:00, 1
B223, , 23.00, Ostomy Supplies, 2013-07-01 04:00:00+00:00, 2012-10-05 04:00:00+00:00, , , 1970-01-01 05:00:00+00:00, 1
B224, , 24.50, Ostomy Drainage Bags, Skin Barrier Cream, 1970-01-01 05:00:00+00:00, 2012-10-05 04:00:00+00:00, , , 1970-01-01 05:00:00+00:00, 1
B225, , 16.00, Personal Cleansing Cloths x40 pkgs., 2014-05-01 04:00:00+00:00, 2012-10-10 04:00:00+00:00, , , 1970-01-01 05:00:00+00:00, 1
B226, , 7.00, Urostomy Bags x8 boxes; 1 box Fecal Collector, 1970-01-01 05:00:00+00:00, 2012-10-10 04:00:00+00:00, , , 1970-01-01 05:00:00+00:00, 1
B227, , 7.00, Hollister Ostomy: Assorted Pouches & Stoma Adhesive, 1970-01-01 05:00:00+00:00, 2012-10-10 04:00:00+00:00, , , 1970-01-01 05:00:00+00:00, 1
B229, U, 0.00, Covatec Assorted Ostomy Pouches & Stoma Adhesive, 1970-01-01 05:00:00+00:00, 2012-10-10 04:00:00+00:00, , , 1970-01-01 05:00:00+00:00, 1
B230, , 9.00, Covatec Assorted Ostomy Pouches & Stoma Adhesive x40 pkgs., 2014-05-01 04:00:00+00:00, 2012-10-10 04:00:00+00:00, , , 1970-01-01 05:00:00+00:00, 1
B233, , 16.00, 76 Enteral Pump Delivery Sets; 29 Safety Screw Spike Sets; 27 Enteral Feeding Spike Adapter; 4 Cont. Feeding Set (All Unsterile), 1970-01-01 05:00:00+00:00, 2012-10-12 04:00:00+00:00, , , 1970-01-01 05:00:00+00:00, 1
B234, , 20.00, Enteral Pump Delivery Sets x111 (Unsterile), 1970-01-01 05:00:00+00:00, 2012-10-12 04:00:00+00:00, , , 1970-01-01 05:00:00+00:00, 1
B235, , 5.00, Enteral Gravity Feeding Bags x24; Rt. Angle Feeding Sets Y-Port x111; Mickey BDust Extension Sets x16 (Unsterile), 1970-01-01 05:00:00+00:00, 2012-10-12 04:00:00+00:00, , , 1970-01-01 05:00:00+00:00, 1
B236, , 13.00, 1000ml. External Gravity Bags x86, 2014-07-01 04:00:00+00:00, 2012-10-18 04:00:00+00:00, , , 1970-01-01 05:00:00+00:00, 1
B237, , 19.50, Underpads Disposable x151, 1970-01-01 05:00:00+00:00, 2012-10-21 04:00:00+00:00, , , 1970-01-01 05:00:00+00:00, 1
B238, , 19.50, Underpads Disposable x400, 1970-01-01 05:00:00+00:00, 2012-10-21 04:00:00+00:00, , , 1970-01-01 05:00:00+00:00, 1
B239, , 22.00, Handicare Liners Extra Absorbent (10x24 Liners), 1970-01-01 05:00:00+00:00, 2012-10-31 04:00:00+00:00, , , 1970-01-01 05:00:00+00:00, 1
B240, S, 14.60, Personal Care: Bath Cloths (50); Shampoo Caps (10), 1970-01-01 05:00:00+00:00, 1970-01-01 05:00:00+00:00, , , 1970-01-01 05:00:00+00:00, 1
B241, L, 21.00, Adult Diapers, 1970-01-01 05:00:00+00:00, 2012-11-02 04:00:00+00:00, , , 1970-01-01 05:00:00+00:00, 1
B242, L, 21.50, Chux Underpads (Disposable), 1970-01-01 05:00:00+00:00, 2012-11-02 04:00:00+00:00, , , 1970-01-01 05:00:00+00:00, 1
B243, L, 21.00, Chux Underpads (Disposable), 1970-01-01 05:00:00+00:00, 2012-11-02 04:00:00+00:00, , , 1970-01-01 05:00:00+00:00, 1
B244, L, 19.00, Adult Diapers, 1970-01-01 05:00:00+00:00, 2012-11-02 04:00:00+00:00, , , 1970-01-01 05:00:00+00:00, 1
B245, L, 24.50, Personal Care: Hipsters (5); Rupture Easer (2); Razors (50); SaniCloth (202); 1 Pillow; 1 Gel; CPR Barriers (3); Abdominal Binders (2), 1970-01-01 05:00:00+00:00, 2012-11-02 04:00:00+00:00, , , 1970-01-01 05:00:00+00:00, 1
B246, L, 14.00, Oral Care: Toothettes & Suction Swabs, 2014-04-01 04:00:00+00:00, 2012-11-08 05:00:00+00:00, , , 1970-01-01 05:00:00+00:00, 1
B247, L, 16.50, 150 Underpads Disposable, 1970-01-01 05:00:00+00:00, 2012-11-19 05:00:00+00:00, , , 1970-01-01 05:00:00+00:00, 1
B248, L, 21.00, 185 Adult Diapers, 1970-01-01 05:00:00+00:00, 2012-11-19 05:00:00+00:00, , , 1970-01-01 05:00:00+00:00, 1
B249, L, 21.50, Disposable Underpads, 1970-01-01 05:00:00+00:00, 2012-11-19 05:00:00+00:00, , , 1970-01-01 05:00:00+00:00, 1
B252, L, 15.50, Disposable Underpads, 1970-01-01 05:00:00+00:00, 2012-11-26 05:00:00+00:00, , , 1970-01-01 05:00:00+00:00, 1
B254, L, 9.00, 5 Pillows, 1970-01-01 05:00:00+00:00, 2012-11-26 05:00:00+00:00, , , 1970-01-01 05:00:00+00:00, 1
B255, L, 10.00, 4 Pillows; 1 Mattress Pads; 1 Sheet, 1970-01-01 05:00:00+00:00, 2012-11-26 05:00:00+00:00, , , 1970-01-01 05:00:00+00:00, 1
B256, L, 8.00, 60 Anti-Embolism Stockings, 1970-01-01 05:00:00+00:00, 2012-11-27 05:00:00+00:00, , , 1970-01-01 05:00:00+00:00, 1
B258, L, 29.00, Personal Care: Bottles Soap Gel, etc., 1970-01-01 05:00:00+00:00, 2012-11-27 05:00:00+00:00, , , 1970-01-01 05:00:00+00:00, 1
B259, L, 19.00, Adult Diapers, 1970-01-01 05:00:00+00:00, 2012-11-27 05:00:00+00:00, , , 1970-01-01 05:00:00+00:00, 1
B260, L, 19.00, Disposable Underpads, 1970-01-01 05:00:00+00:00, 2012-11-27 05:00:00+00:00, , , 1970-01-01 05:00:00+00:00, 1
B261, L, 21.00, Adult Diapers 6 pkgs. (4 sm.; 2 lg.), 1970-01-01 05:00:00+00:00, 2012-11-27 05:00:00+00:00, , , 1970-01-01 05:00:00+00:00, 1
B263, L, 24.00, Adult Diapers, 1970-01-01 05:00:00+00:00, 2012-12-03 05:00:00+00:00, , , 1970-01-01 05:00:00+00:00, 1
B264, L, 29.50, Personal Care: Bodywash, Mouthwash, etc., 1970-01-01 05:00:00+00:00, 2012-12-03 05:00:00+00:00, , , 1970-01-01 05:00:00+00:00, 1
B265, L, 28.00, Personal Care: Wipes, Shampoo, Oral Care, Denture Cups, Drinking Cups, 2014-04-01 04:00:00+00:00, 2012-12-06 05:00:00+00:00, , , 1970-01-01 05:00:00+00:00, 1
B266, L, 18.50, Underpads Chux, 1970-01-01 05:00:00+00:00, 2012-12-14 05:00:00+00:00, , , 1970-01-01 05:00:00+00:00, 1
B267, L, 20.50, Underpads Paper, 1970-01-01 05:00:00+00:00, 2012-12-14 05:00:00+00:00, , , 1970-01-01 05:00:00+00:00, 1
B269, L, 20.50, Adult Diapers, 1970-01-01 05:00:00+00:00, 2013-01-04 05:00:00+00:00, , , 1970-01-01 05:00:00+00:00, 1
B270, L, 28.50, Personal Care: Denture Cups, Lotion, Tissues, Oral Care, Shampoo, etc., 1970-01-01 05:00:00+00:00, 2013-01-07 05:00:00+00:00, , , 1970-01-01 05:00:00+00:00, 1
B271, L, 24.00, Personal Care, 2014-05-01 04:00:00+00:00, 2013-01-07 05:00:00+00:00, , , 1970-01-01 05:00:00+00:00, 1
B272, L, 20.00, Adult Diapers, 1970-01-01 05:00:00+00:00, 2013-01-07 05:00:00+00:00, , , 1970-01-01 05:00:00+00:00, 1
B273, L, 19.50, Underpads/Chux x87, 1970-01-01 05:00:00+00:00, 2013-01-11 05:00:00+00:00, , , 1970-01-01 05:00:00+00:00, 1
B274, L, 19.00, Adult Diapers, 1970-01-01 05:00:00+00:00, 2013-01-18 05:00:00+00:00, , , 1970-01-01 05:00:00+00:00, 1
B275, L, 16.00, Underpads, 1970-01-01 05:00:00+00:00, 2013-01-28 05:00:00+00:00, , , 1970-01-01 05:00:00+00:00, 1
B276, L, 17.50, Adult Diapers, 1970-01-01 05:00:00+00:00, 2013-01-28 05:00:00+00:00, , , 1970-01-01 05:00:00+00:00, 1
B277, L, 18.00, Underpads/Chux Disposable x121, 1970-01-01 05:00:00+00:00, 2013-01-28 05:00:00+00:00, , , 1970-01-01 05:00:00+00:00, 1
B278, L, 22.50, Adult Diapers, 1970-01-01 05:00:00+00:00, 2013-01-28 05:00:00+00:00, , , 1970-01-01 05:00:00+00:00, 1
B279, L, 16.50, Adult Diapers, 1970-01-01 05:00:00+00:00, 2013-01-28 05:00:00+00:00, , , 1970-01-01 05:00:00+00:00, 1
B280, S, 7.80, Personal Care: Denture Cups (153); Facial Tissues (12 Boxes), 1970-01-01 05:00:00+00:00, 1970-01-01 05:00:00+00:00, , , 1970-01-01 05:00:00+00:00, 1
B281, S, 23.00, Personal Care, 1970-01-01 05:00:00+00:00, 2013-02-06 05:00:00+00:00, , , 1970-01-01 05:00:00+00:00, 1
B282, L, 23.00, 9 Packages Adult Diapers, 1970-01-01 05:00:00+00:00, 2013-02-06 05:00:00+00:00, , , 1970-01-01 05:00:00+00:00, 1
B283, L, 17.50, Adult Diapers, 1970-01-01 05:00:00+00:00, 2013-02-06 05:00:00+00:00, , , 1970-01-01 05:00:00+00:00, 1
B284, L, 17.50, Adult Diapers, 1970-01-01 05:00:00+00:00, 2013-02-06 05:00:00+00:00, , , 1970-01-01 05:00:00+00:00, 1
B285, L, 19.00, Adult Diapers, 1970-01-01 05:00:00+00:00, 2013-02-06 05:00:00+00:00, , , 1970-01-01 05:00:00+00:00, 1
B286, L, 16.00, Adult Diapers, 1970-01-01 05:00:00+00:00, 2013-02-06 05:00:00+00:00, , , 1970-01-01 05:00:00+00:00, 1
B287, L, 21.00, Disposable Chux x21 Packs, 1970-01-01 05:00:00+00:00, 2013-02-06 05:00:00+00:00, , , 1970-01-01 05:00:00+00:00, 1
B288, L, 20.00, Adult Diapers, 1970-01-01 05:00:00+00:00, 2013-02-06 05:00:00+00:00, , , 1970-01-01 05:00:00+00:00, 1
B289, L, 16.50, Adult Diapers, 1970-01-01 05:00:00+00:00, 2013-02-06 05:00:00+00:00, , , 1970-01-01 05:00:00+00:00, 1
B290, L, 18.00, Underpads/Chux x70, 1970-01-01 05:00:00+00:00, 2013-02-06 05:00:00+00:00, , , 1970-01-01 05:00:00+00:00, 1
B291, L, 14.50, Adult Diapers, 1970-01-01 05:00:00+00:00, 2013-02-07 05:00:00+00:00, , , 1970-01-01 05:00:00+00:00, 1
B292, L, 20.50, Adult Diapers, 1970-01-01 05:00:00+00:00, 2013-02-07 05:00:00+00:00, , , 1970-01-01 05:00:00+00:00, 1
B293, L, 17.00, Disposable Underpads/Chux, 1970-01-01 05:00:00+00:00, 2013-02-07 05:00:00+00:00, , , 1970-01-01 05:00:00+00:00, 1
B294, L, 15.50, Disposable Underpads/Chux, 1970-01-01 05:00:00+00:00, 2013-02-11 05:00:00+00:00, , , 1970-01-01 05:00:00+00:00, 1
B295, L, 14.50, Disposable Underpads/Chux, 1970-01-01 05:00:00+00:00, 2013-02-11 05:00:00+00:00, , , 1970-01-01 05:00:00+00:00, 1
B296, L, 15.50, Disposable Underpads/Chux, 1970-01-01 05:00:00+00:00, 2013-02-11 05:00:00+00:00, , , 1970-01-01 05:00:00+00:00, 1
B297, L, 32.00, Personal Care, 1970-01-01 05:00:00+00:00, 2013-02-11 05:00:00+00:00, , , 1970-01-01 05:00:00+00:00, 1
B298, L, 32.00, Personal Care, 1970-01-01 05:00:00+00:00, 2013-02-27 05:00:00+00:00, , , 1970-01-01 05:00:00+00:00, 1
B299, L, 23.50, Underpads/Chux x200, 1970-01-01 05:00:00+00:00, 2013-02-27 05:00:00+00:00, , , 1970-01-01 05:00:00+00:00, 1
B300, L, 20.00, Adult Diapers, 1970-01-01 05:00:00+00:00, 2013-03-05 05:00:00+00:00, , , 1970-01-01 05:00:00+00:00, 1
B301, L, 14.50, Disposable Underpads/Chux, 1970-01-01 05:00:00+00:00, 2013-03-05 05:00:00+00:00, , , 1970-01-01 05:00:00+00:00, 1
B303, L, 31.00, Personal Care: 12 Hipster Pads; 4 Abd. Binders; 36 Toilet Liners; 62 Scrub Tops; Sneakers (Size 12); Body Wash; Shampoo; Hand Sanitizer, 1970-01-01 05:00:00+00:00, 2013-03-26 04:00:00+00:00, , , 1970-01-01 05:00:00+00:00, 1
B304, L, 20.00, Anti-Embolism Stockings: Assorted Sizes (S-XL) x210, 1970-01-01 05:00:00+00:00, 2013-03-26 04:00:00+00:00, , , 1970-01-01 05:00:00+00:00, 1
B305, L, 24.00, Personal Care: Lotions; Shower Cap; Powder; Mouth Wash, 1970-01-01 05:00:00+00:00, 2013-03-26 04:00:00+00:00, , , 1970-01-01 05:00:00+00:00, 1
B306, S, 9.20, Slippers: 50 Pair, 1970-01-01 05:00:00+00:00, 2013-06-03 04:00:00+00:00, , , 1970-01-01 05:00:00+00:00, 1
B307, L, 22.60, Underpads (Cloth), 1970-01-01 05:00:00+00:00, 2013-06-03 04:00:00+00:00, , , 1970-01-01 05:00:00+00:00, 1
B308, L, 22.00, Oral Care: Including Toothbrushes, Toothpaste, 2014-08-01 04:00:00+00:00, 2013-06-03 04:00:00+00:00, , , 1970-01-01 05:00:00+00:00, 1
B309, L, 20.40, Underpads/Chux (Disposable), 1970-01-01 05:00:00+00:00, 2013-06-03 04:00:00+00:00, , , 1970-01-01 05:00:00+00:00, 1
B310, L, 19.40, Adult Diapers, 1970-01-01 05:00:00+00:00, 2013-06-03 04:00:00+00:00, , , 1970-01-01 05:00:00+00:00, 1
B311, L, 19.40, Pediatric Diapers, 1970-01-01 05:00:00+00:00, 2013-06-03 04:00:00+00:00, , , 1970-01-01 05:00:00+00:00, 1
B312, L, 32.00, Personal Care: Tissues; Razors; Body Wash; Shampoo; Baby Powder; Lotion, 1970-01-01 05:00:00+00:00, 2013-06-07 04:00:00+00:00, , , 1970-01-01 05:00:00+00:00, 1
B313, S, 17.00, Personal Care: Body Wipes; Shampoo Cleaning Cloths, 1970-01-01 05:00:00+00:00, 2013-06-07 04:00:00+00:00, , , 1970-01-01 05:00:00+00:00, 1
B314, S, 16.00, Personal Care: Body Wipes; Shampoo Cleaning Cloths, 1970-01-01 05:00:00+00:00, 2013-06-07 04:00:00+00:00, , , 1970-01-01 05:00:00+00:00, 1
B315, L, 19.20, Adult Diapers, 1970-01-01 05:00:00+00:00, 2013-07-11 04:00:00+00:00, , , 1970-01-01 05:00:00+00:00, 1
B316, L, 17.40, Underpads/Chux (Disposable) x188, 1970-01-01 05:00:00+00:00, 2013-07-12 04:00:00+00:00, , , 1970-01-01 05:00:00+00:00, 1
B317, L, 10.00, Oral Care, 1970-01-01 05:00:00+00:00, 2013-07-12 04:00:00+00:00, , , 1970-01-01 05:00:00+00:00, 1
B318, S, 20.40, Personal Care: Barrier Cream Wipes x41 Packs of 8, 2014-08-01 04:00:00+00:00, 2013-07-16 04:00:00+00:00, , , 1970-01-01 05:00:00+00:00, 1
B319, S, 13.20, Personal Care: 100 Plastic Cups; 1 Pair Men's PJ Bottoms; 6 Men's T-Shirts; 4 Wash Cloths; 13 Weekly Pill Containers; 22 Combs; 20 Pair Ear Plugs; 10 Pair Ear Phones; 67 Bath Towelettes; 18 Nail Polish Remover Pads, 1970-01-01 05:00:00+00:00, 2013-07-17 04:00:00+00:00, , , 1970-01-01 05:00:00+00:00, 1
B320, S, 18.40, Personal Care: 255 Disposable Razors; Skin Protectant Wipes x15 Packs of 8, 1970-01-01 05:00:00+00:00, 2013-07-17 04:00:00+00:00, , , 1970-01-01 05:00:00+00:00, 1
B321, S, 21.40, Personal Care: 24 Denture Cleaner Tablets; 14 Mouth Moisturizer; 43 Mouth Wash; 6 Body/Shampoo Wipes; 2 Bottles Skin Conditioner; 12 Comfort Care Kits, 2014-08-01 04:00:00+00:00, 2013-07-17 04:00:00+00:00, , , 1970-01-01 05:00:00+00:00, 1
B322, S, 32.20, Personal Care: 72 Body Wash/Shampoo Wipes; 13 Shave Cream; 20 Hand Sanitizer; 11 Bars Soap; 4 Deodorant; 3 Baby Shampoo, 1970-01-01 05:00:00+00:00, 2013-07-17 04:00:00+00:00, , , 1970-01-01 05:00:00+00:00, 1
B323, L, 21.40, Underpads/Chux x10 Packs of 15 + 48 Loose, 2016-07-01 04:00:00+00:00, 1970-01-01 05:00:00+00:00, , , 1970-01-01 05:00:00+00:00, 1
B324, L, 20.10, Underpads/Chux x10 Packs of 15 + 48 Loose, 1970-01-01 05:00:00+00:00, 1970-01-01 05:00:00+00:00, , , 1970-01-01 05:00:00+00:00, 1
B325, L, 21.10, Adult Diapers, 1970-01-01 05:00:00+00:00, 2013-08-07 04:00:00+00:00, , , 1970-01-01 05:00:00+00:00, 1
B326, L, 18.40, Adult Diapers, 1970-01-01 05:00:00+00:00, 2013-08-07 04:00:00+00:00, , , 1970-01-01 05:00:00+00:00, 1
B327, L, 22.20, Adult Diapers, 1970-01-01 05:00:00+00:00, 2013-08-07 04:00:00+00:00, , , 1970-01-01 05:00:00+00:00, 1
B328, L, 16.80, Underpads/Chux (Disposable) x207, 1970-01-01 05:00:00+00:00, 2013-08-12 04:00:00+00:00, , , 1970-01-01 05:00:00+00:00, 1
B329, S, 20.60, Personal Care: Barrier Cream Cloths; Bath Cloths; Body Wash & Shampoo; Mouthwash; Hand Sanitizer; Eye Shades; Etc., 1970-01-01 05:00:00+00:00, 1970-01-01 05:00:00+00:00, , , 1970-01-01 05:00:00+00:00, 1
B330, S, 21.00, Personal Care: Barrier Cream Cloths; Bath Cloths; Body Wash & Shampoo; Mouthwash; Toothpaste; Baby Powder; Body Lotion; Deodorant, 2015-04-01 04:00:00+00:00, 2013-08-12 04:00:00+00:00, , , 1970-01-01 05:00:00+00:00, 1
C32, L, 0.00, Urine Collection (24 hour) x17, 1970-01-01 05:00:00+00:00, 1970-01-01 05:00:00+00:00, , , 1970-01-01 05:00:00+00:00, 1
C83, L, 0.00, Texas Catheters: 184 Lg., 319 Med., 6 Sm., 87 23mm.; 5 Urinary Drainage Bags; 4 Catheter Trays, 2014-10-01 04:00:00+00:00, 1970-01-01 05:00:00+00:00, , , 1970-01-01 05:00:00+00:00, 1
C357, L, 0.00, Urinary Drainage Bags, 1970-01-01 05:00:00+00:00, 2012-01-12 05:00:00+00:00, , , 1970-01-01 05:00:00+00:00, 1
C362, L, 0.00, 10 Sterile Cystoscopy Irrigantion Sets; 20 Sterile Irrigation Spike Adaptors; 100 Condom Catheters; 10 Sterile Piston Irrigation Trays, 1970-01-01 05:00:00+00:00, 2012-01-18 05:00:00+00:00, , , 1970-01-01 05:00:00+00:00, 1
C368, U, 0.00, Self-Catherization Sets, 2014-08-01 04:00:00+00:00, 2012-02-20 05:00:00+00:00, , , 1970-01-01 05:00:00+00:00, 1
C369, L, 0.00, Misc. Urine Collection, 2016-06-01 04:00:00+00:00, 2012-02-22 05:00:00+00:00, , , 1970-01-01 05:00:00+00:00, 1
C371, L, 0.00, Urinary Catheters (Assorted Sizes), 2014-03-01 05:00:00+00:00, 2012-03-07 05:00:00+00:00, Rwanda, , 1970-01-01 05:00:00+00:00, 1
C372, S, 0.00, French Self-Catheter Kits x100, 2014-02-01 05:00:00+00:00, 2012-03-07 05:00:00+00:00, , , 1970-01-01 05:00:00+00:00, 1
C373, L, 0.00, Foley Catheter Kits and Drainage Tubing, 2014-07-01 04:00:00+00:00, 2012-03-12 04:00:00+00:00, AJC, , 1970-01-01 05:00:00+00:00, 1
C374, L, 0.00, Foley Catheter Kits and Drainage Tubing, 2014-07-01 04:00:00+00:00, 2012-03-12 04:00:00+00:00, , , 1970-01-01 05:00:00+00:00, 1
C375, L, 0.00, Urology Mix, 2013-07-01 04:00:00+00:00, 2012-03-12 04:00:00+00:00, , , 1970-01-01 05:00:00+00:00, 1
C376, L, 0.00, Urinary Drainage Bags x52, 1970-01-01 05:00:00+00:00, 2012-03-12 04:00:00+00:00, , , 1970-01-01 05:00:00+00:00, 1
C377, L, 0.00, 40 Single Hand Breast Pumps; 3 Boxes OB Towelettes, 1970-01-01 05:00:00+00:00, 2012-03-21 04:00:00+00:00, , , 1970-01-01 05:00:00+00:00, 1
C379, L, 0.00, Urinary Drainage Bags, 2015-08-01 04:00:00+00:00, 2012-04-12 04:00:00+00:00, , , 1970-01-01 05:00:00+00:00, 1
C380, L, 0.00, Catheter Trays x8 (Sterile); 25 Foley Bags (Unsterile), 2014-09-01 04:00:00+00:00, 2012-04-30 04:00:00+00:00, , , 1970-01-01 05:00:00+00:00, 1
C381, L, 0.00, U Cath Kits x25, 2014-07-01 04:00:00+00:00, 2012-04-30 04:00:00+00:00, , , 1970-01-01 05:00:00+00:00, 1
C382, L, 0.00, U Cath Kits x48, 1970-01-01 05:00:00+00:00, 2012-05-07 04:00:00+00:00, , , 1970-01-01 05:00:00+00:00, 1
C383, , 11.00, U Cath Kits x34, 2014-04-01 04:00:00+00:00, 1970-01-01 05:00:00+00:00, , , 1970-01-01 05:00:00+00:00, 1
C384, L, 0.00, U Cath Trays x38, 2014-03-01 05:00:00+00:00, 2012-05-07 04:00:00+00:00, , , 1970-01-01 05:00:00+00:00, 1
C385, L, 0.00, U Cath Trays x38, 2014-03-01 05:00:00+00:00, 2012-05-07 04:00:00+00:00, , , 1970-01-01 05:00:00+00:00, 1
C386, L, 0.00, U Cath Trays x45, 2014-04-01 04:00:00+00:00, 2012-05-07 04:00:00+00:00, , , 1970-01-01 05:00:00+00:00, 1
C387, L, 0.00, U Cath Trays x22, 2014-03-01 05:00:00+00:00, 2012-05-07 04:00:00+00:00, , , 1970-01-01 05:00:00+00:00, 1
C389, L, 0.00, Texas Catheters, 1970-01-01 05:00:00+00:00, 2012-05-18 04:00:00+00:00, , , 1970-01-01 05:00:00+00:00, 1
C390, U, 0.00, Catheter Kits; Catheters, 1970-01-01 05:00:00+00:00, 2012-05-18 04:00:00+00:00, , , 1970-01-01 05:00:00+00:00, 1
C391, L, 0.00, Urinary Drainage Bags x60, 1970-01-01 05:00:00+00:00, 2012-05-23 04:00:00+00:00, , , 1970-01-01 05:00:00+00:00, 1
C393, S, 0.00, Urinary Leg Bags w/ Tubing, 1970-01-01 05:00:00+00:00, 2012-06-20 04:00:00+00:00, , , 1970-01-01 05:00:00+00:00, 1
C394, L, 0.00, Urinary Catheters, 2015-02-01 05:00:00+00:00, 2012-06-20 04:00:00+00:00, Rwanda, , 1970-01-01 05:00:00+00:00, 1
C395, L, 0.00, Self-Catherization Supplies, 2014-09-01 04:00:00+00:00, 2012-06-20 04:00:00+00:00, , , 1970-01-01 05:00:00+00:00, 1
C396, L, 0.00, Foley Catheter Mix, 2014-04-01 04:00:00+00:00, 2012-06-20 04:00:00+00:00, , , 1970-01-01 05:00:00+00:00, 1
C398, L, 0.00, Urinary Drainage Bags x55; Texas Catheters x200, 2014-01-01 05:00:00+00:00, 2012-07-03 04:00:00+00:00, , , 1970-01-01 05:00:00+00:00, 1
C399, L, 0.00, Catheters: 65 Texas; 350 Self-Cath; 80 Foley, 2014-07-01 04:00:00+00:00, 2012-07-16 04:00:00+00:00, , , 1970-01-01 05:00:00+00:00, 1
C400, U, 0.00, Urinary Drainage Bags x70, 2014-01-01 05:00:00+00:00, 2012-07-16 04:00:00+00:00, , , 1970-01-01 05:00:00+00:00, 1
C401, L, 0.00, Foley Catheter Trays x12, 2014-10-01 04:00:00+00:00, 2012-08-13 04:00:00+00:00, , , 1970-01-01 05:00:00+00:00, 1
C402, L, 14.00, Catheter Tray Kits (Sterile), 2014-08-01 04:00:00+00:00, 2012-09-13 04:00:00+00:00, , , 1970-01-01 05:00:00+00:00, 1
C403, L, 17.00, Urinary Catheter Trays x18, 2014-07-01 04:00:00+00:00, 2012-09-14 04:00:00+00:00, , , 1970-01-01 05:00:00+00:00, 1
C404, L, 13.00, U-Cath Trays x15, 1970-01-01 05:00:00+00:00, 2012-09-17 04:00:00+00:00, , , 1970-01-01 05:00:00+00:00, 1
C405, L, 24.00, Urinary Catheters: 16 Texas; 23 Clean; 61 Self, Straight; 332 Sterile Foleys, 2014-05-01 04:00:00+00:00, 2012-09-18 04:00:00+00:00, , , 1970-01-01 05:00:00+00:00, 1
C406, S, 12.50, Under Buttocks Drapes x49, 1970-01-01 05:00:00+00:00, 2012-09-18 04:00:00+00:00, , , 1970-01-01 05:00:00+00:00, 1
C407, S, 17.00, Under Buttocks Drapes x29, 2016-01-01 05:00:00+00:00, 2012-09-18 04:00:00+00:00, , , 1970-01-01 05:00:00+00:00, 1
C408, L, 16.00, 15 Urinary Catheter Insertion Kits, 2014-10-01 04:00:00+00:00, 2012-09-18 04:00:00+00:00, , , 1970-01-01 05:00:00+00:00, 1
C409, L, 17.50, 19 Catheterization Kits, 2014-11-01 04:00:00+00:00, 2012-09-18 04:00:00+00:00, , , 1970-01-01 05:00:00+00:00, 1
C410, L, 40.00, Urethral Catheter Trays, 2015-10-01 04:00:00+00:00, 2012-09-28 04:00:00+00:00, , , 1970-01-01 05:00:00+00:00, 1
C411, L, 13.00, Urinary Catheter Trays: 65 Ped. Foley; 20 Ped. Self-Cath; 2 Foley Cath., 2014-01-01 05:00:00+00:00, 2012-09-28 04:00:00+00:00, , , 1970-01-01 05:00:00+00:00, 1
C412, L, 17.00, 15 Urinary Catheterization Trays, 2014-10-01 04:00:00+00:00, 2012-10-01 04:00:00+00:00, , , 1970-01-01 05:00:00+00:00, 1
C413, L, 29.00, Urinary Drainage Bags, 1970-01-01 05:00:00+00:00, 2012-10-05 04:00:00+00:00, , , 1970-01-01 05:00:00+00:00, 1
C414, L, 30.50, Urinary Drainage Bags, 1970-01-01 05:00:00+00:00, 2012-10-05 04:00:00+00:00, , , 1970-01-01 05:00:00+00:00, 1
C415, L, 16.50, Urinary Catheter Trays and Kits x21, 1970-01-01 05:00:00+00:00, 2012-10-08 04:00:00+00:00, , , 1970-01-01 05:00:00+00:00, 1
C416, L, 23.50, Urinary Drainage Bags, 1970-01-01 05:00:00+00:00, 2012-10-08 04:00:00+00:00, , , 1970-01-01 05:00:00+00:00, 1
C417, L, 20.00, Immobilizers: 12 Boot; 2 Cervical; 2 Slings; 1 Wrist; 1 Knee, 1970-01-01 05:00:00+00:00, 2012-10-17 04:00:00+00:00, , , 1970-01-01 05:00:00+00:00, 1
C418, L, 16.00, Misc. Urinary, 2014-12-01 05:00:00+00:00, 2012-10-17 04:00:00+00:00, , , 1970-01-01 05:00:00+00:00, 1
C419, L, 18.50, Misc. Urinary, 2014-12-01 05:00:00+00:00, 2012-10-17 04:00:00+00:00, , , 1970-01-01 05:00:00+00:00, 1
C420, L, 13.50, Urinary Supplies, 1970-01-01 05:00:00+00:00, 2012-10-18 04:00:00+00:00, , , 1970-01-01 05:00:00+00:00, 1
C421, L, 9.50, Foam Positioners: Assorted, 1970-01-01 05:00:00+00:00, 2012-10-18 04:00:00+00:00, , , 1970-01-01 05:00:00+00:00, 1
C422, S, 12.50, Exam Table Paper: 11 Rolls (14.5"x125' ), 1970-01-01 05:00:00+00:00, 2012-10-21 04:00:00+00:00, Rwanda, , 1970-01-01 05:00:00+00:00, 1
C424, S, 15.00, Diabetic Lancets x10,000 (Unsterile), 1970-01-01 05:00:00+00:00, 2012-10-21 04:00:00+00:00, , , 1970-01-01 05:00:00+00:00, 1
C425, S, 19.00, Diabetic Glcometers x50 (Unsterile), 1970-01-01 05:00:00+00:00, 2012-10-21 04:00:00+00:00, , , 1970-01-01 05:00:00+00:00, 1
C426, L, 6.00, Foam, 1970-01-01 05:00:00+00:00, 2012-10-24 04:00:00+00:00, , , 1970-01-01 05:00:00+00:00, 1
C427, S, 16.50, 55  Glucometers (No Test Strips), 1970-01-01 05:00:00+00:00, 2012-10-25 04:00:00+00:00, , , 1970-01-01 05:00:00+00:00, 1
C428, L, 18.00, Immobilizers: 6 Foot; 4 Knee; 1 Heel; 5 Neck; 5 Wrist; 1 Arm Sling, 1970-01-01 05:00:00+00:00, 2012-10-26 04:00:00+00:00, , , 1970-01-01 05:00:00+00:00, 1
C429, , 12.00, Immobilizers: Wrist, Hand, Foot, etc., 1970-01-01 05:00:00+00:00, 2012-10-26 04:00:00+00:00, , , 1970-01-01 05:00:00+00:00, 1
C430, L, 18.00, Immobilizers: 6 Foot; 5 Neck; 4 Knee; 5 Wrist; 1 Heel; Arm Sling, 1970-01-01 05:00:00+00:00, 2012-10-31 04:00:00+00:00, , , 1970-01-01 05:00:00+00:00, 1
C431, L, 12.00, Immobilizers: Shoulder (2); Wrist/Arm (5); Collar (1); Knee (3); Foot (2); Hand (1), 1970-01-01 05:00:00+00:00, 2012-10-31 04:00:00+00:00, , , 1970-01-01 05:00:00+00:00, 1
C432, L, 12.50, Immobilizers: Knee braces (4); Shoulder Stabilizer (1); "Ultra sling" (1); Heel Protector (1); Abdominal Bands (2), 1970-01-01 05:00:00+00:00, 2012-10-31 04:00:00+00:00, , , 1970-01-01 05:00:00+00:00, 1
C433, S, 8.00, Patient Care: 7 Hipster Pads; 9 Abdominal Bands, 1970-01-01 05:00:00+00:00, 2012-11-02 04:00:00+00:00, , , 1970-01-01 05:00:00+00:00, 1
C434, L, 19.00, Immobilizers: Neck (2); Leg (3); Knee (3); Arm (10); Foot (2), 1970-01-01 05:00:00+00:00, 2012-11-02 04:00:00+00:00, , , 1970-01-01 05:00:00+00:00, 1
C435, L, 16.00, Immobilizers: Knee (5); Ankle (1); Shoulder (1); Wrist (1), 1970-01-01 05:00:00+00:00, 2012-11-07 05:00:00+00:00, , , 1970-01-01 05:00:00+00:00, 1
C436, L, 10.00, Immobilizers: 7 Shoulder; 4 Traction, 1970-01-01 05:00:00+00:00, 2012-11-08 05:00:00+00:00, , , 1970-01-01 05:00:00+00:00, 1
C437, L, 16.00, Immobilizers: 7 Foot; 4 Knee; 6 Shoulder, 1970-01-01 05:00:00+00:00, 2012-11-19 05:00:00+00:00, , , 1970-01-01 05:00:00+00:00, 1
C438, L, 14.00, Immobilizers: 2 Knee; 2 Helmet; 9 Slings; 4 Shoulder; 5 Ankle, 1970-01-01 05:00:00+00:00, 2012-11-20 05:00:00+00:00, , , 1970-01-01 05:00:00+00:00, 1
C439, L, 5.50, 4 Foot Pressure Relief; 1 Arm Immobilizer, 1970-01-01 05:00:00+00:00, 2012-11-26 05:00:00+00:00, , , 1970-01-01 05:00:00+00:00, 1
C441, S, 13.50, 14 BP Cuffs, 1970-01-01 05:00:00+00:00, 1970-01-01 05:00:00+00:00, , , 1970-01-01 05:00:00+00:00, 1
C442, S, 12.00, 11 BP Cuffs, 3 Stethoscopes, 1970-01-01 05:00:00+00:00, 2012-12-03 05:00:00+00:00, , , 1970-01-01 05:00:00+00:00, 1
C443, S, 12.50, 14 BP Cuffs, 1970-01-01 05:00:00+00:00, 1970-01-01 05:00:00+00:00, , , 1970-01-01 05:00:00+00:00, 1
C444, L, 19.50, Immobilizers: 6 Foot; 3 Knee; 3 Arm; 2 Colla; 3 Wrist; 1 Ankle, 1970-01-01 05:00:00+00:00, 2012-12-03 05:00:00+00:00, , , 1970-01-01 05:00:00+00:00, 1
C445, L, 26.50, Patient Care: Med. Cups; Hipsters; Vests; etc., 1970-01-01 05:00:00+00:00, 2012-12-03 05:00:00+00:00, , , 1970-01-01 05:00:00+00:00, 1
C446, L, 9.00, Foam: Assorted Sizes, 1970-01-01 05:00:00+00:00, 2012-12-03 05:00:00+00:00, , , 1970-01-01 05:00:00+00:00, 1
C447, L, 8.00, 30 Positioning Heel Pads; 2 Pillows, 1970-01-01 05:00:00+00:00, 2012-12-03 05:00:00+00:00, , , 1970-01-01 05:00:00+00:00, 1
C448, L, 9.00, 5 Bed Pillows, 1970-01-01 05:00:00+00:00, 2012-12-06 05:00:00+00:00, , , 1970-01-01 05:00:00+00:00, 1
C449, L, 9.00, 5 Bed Pillows, 1970-01-01 05:00:00+00:00, 2012-12-06 05:00:00+00:00, , , 1970-01-01 05:00:00+00:00, 1
C450, S, 14.00, Air Mattress w/ Pump, 1970-01-01 05:00:00+00:00, 2012-12-06 05:00:00+00:00, , , 1970-01-01 05:00:00+00:00, 1
C451, L, 20.00, Immobilizers: Post OP Shoe x16; Sling x5; Knee x1; Shoulder x2, 1970-01-01 05:00:00+00:00, 2012-12-14 05:00:00+00:00, , , 1970-01-01 05:00:00+00:00, 1
C452, L, 15.00, Immobilizers: 3 Foot; 3 Knee; 5 Arm/Shoulder; 6 Cervical Collar, 1970-01-01 05:00:00+00:00, 2013-01-04 05:00:00+00:00, , , 1970-01-01 05:00:00+00:00, 1
C453, L, 17.00, Immobilizers: 5 Foot; 15 Arm; 3 Cervical; 2 Ankle; 7 Shoulder, 1970-01-01 05:00:00+00:00, 2013-01-04 05:00:00+00:00, , , 1970-01-01 05:00:00+00:00, 1
C454, L, 17.00, Immobilizers: 8 Foot; 8 Walking Boot; 1 Shoulder; 15 Arm; 1 Cervical, 1970-01-01 05:00:00+00:00, 2013-01-04 05:00:00+00:00, , , 1970-01-01 05:00:00+00:00, 1
C455, L, 7.00, 4 Bed Pillows, 1970-01-01 05:00:00+00:00, 2013-01-08 05:00:00+00:00, , , 1970-01-01 05:00:00+00:00, 1
C456, L, 7.50, 4 Bed Pillows, 1970-01-01 05:00:00+00:00, 2013-01-08 05:00:00+00:00, , , 1970-01-01 05:00:00+00:00, 1
C457, L, 21.00, Immobilizers: 8 Shoulder; 6 Wrist; 4 Slings; Post-OP Shoe, 1970-01-01 05:00:00+00:00, 2013-01-08 05:00:00+00:00, , , 1970-01-01 05:00:00+00:00, 1
C458, L, 31.00, Lab Supplies: Pipets; Slides, 1970-01-01 05:00:00+00:00, 2013-01-11 05:00:00+00:00, , , 1970-01-01 05:00:00+00:00, 1
C459, S, 13.00, Alternating Pressure Mattress w/ Pump, 1970-01-01 05:00:00+00:00, 2013-01-11 05:00:00+00:00, , , 1970-01-01 05:00:00+00:00, 1
C460, L, 18.50, Immobilizers: 4 Shoulder; 4 Cervical; 2 Shoe; 5 Slings; 2 Knee; 5 Abdominal; 3 Wrist, 1970-01-01 05:00:00+00:00, 2013-01-11 05:00:00+00:00, , , 1970-01-01 05:00:00+00:00, 1
C461, L, 17.00, Immobilizers: 1 Shoulder; 5 Neck; 6 Boot; 3 Back; 5 Arm; 2 Elbow; 4 Abdominal, 1970-01-01 05:00:00+00:00, 2013-01-16 05:00:00+00:00, , , 1970-01-01 05:00:00+00:00, 1
C462, L, 8.00, 4 Bed Pillows, 1970-01-01 05:00:00+00:00, 2013-01-16 05:00:00+00:00, , , 1970-01-01 05:00:00+00:00, 1
C463, L, 8.00, 5 Bed Pillows, 1970-01-01 05:00:00+00:00, 2013-01-16 05:00:00+00:00, , , 1970-01-01 05:00:00+00:00, 1
C464, L, 7.50, 4 Bed Pillows, 1970-01-01 05:00:00+00:00, 2013-01-16 05:00:00+00:00, , , 1970-01-01 05:00:00+00:00, 1
C465, S, 12.00, 9 Blood Pressure Cuffs; 4 Stethoscopes, 1970-01-01 05:00:00+00:00, 2013-01-18 05:00:00+00:00, , , 1970-01-01 05:00:00+00:00, 1
C466, S, 12.00, BP Cuffs: 2 Wall Mount; 6 Regular
4 Stethoscopes, 1970-01-01 05:00:00+00:00, 2013-01-18 05:00:00+00:00, , , 1970-01-01 05:00:00+00:00, 1
C467, L, 13.00, 16 Sitz Baths, 1970-01-01 05:00:00+00:00, 2013-01-28 05:00:00+00:00, , , 1970-01-01 05:00:00+00:00, 1
C468, L, 8.00, Patient Care: Lambs Wool, 1970-01-01 05:00:00+00:00, 2013-02-06 05:00:00+00:00, , , 1970-01-01 05:00:00+00:00, 1
C469, L, 26.00, Patient Care: Plastic Cups; Packs; Supporters; etc., 1970-01-01 05:00:00+00:00, 2013-02-06 05:00:00+00:00, , , 1970-01-01 05:00:00+00:00, 1
C470, S, 6.00, Patient Care: 10 Hip Protectors, 1970-01-01 05:00:00+00:00, 2013-02-07 05:00:00+00:00, , , 1970-01-01 05:00:00+00:00, 1
C471, S, 8.00, Patient Care: Lymphodema Gloves; Abd. Binders, 1970-01-01 05:00:00+00:00, 2013-02-07 05:00:00+00:00, , , 1970-01-01 05:00:00+00:00, 1
C472, S, 15.00, Patient Care: Gait Belts, 1970-01-01 05:00:00+00:00, 2013-02-07 05:00:00+00:00, , , 1970-01-01 05:00:00+00:00, 1
C473, S, 6.00, Patient Care: Elbow/Heel Protectors, 1970-01-01 05:00:00+00:00, 2013-02-07 05:00:00+00:00, , , 1970-01-01 05:00:00+00:00, 1
C474, L, 13.00, Immobilizers: Cervical Collars; Arm Slings, 1970-01-01 05:00:00+00:00, 2013-02-07 05:00:00+00:00, , , 1970-01-01 05:00:00+00:00, 1
C475, S, 12.50, 11 BP Cuffs; 10 Stethoscopes, 1970-01-01 05:00:00+00:00, 2013-02-07 05:00:00+00:00, , , 1970-01-01 05:00:00+00:00, 1
C476, L, 26.00, Patient Care: Gait Belts; Sitz Baths; Back Supports, 2014-10-01 04:00:00+00:00, 2013-02-11 05:00:00+00:00, , , 1970-01-01 05:00:00+00:00, 1
C477, L, 4.00, Foam Arm Board Covers, 1970-01-01 05:00:00+00:00, 2013-02-18 05:00:00+00:00, , , 1970-01-01 05:00:00+00:00, 1
C478, L, 28.00, Immobilizers: Knee; Ankle; Shoulder, 1970-01-01 05:00:00+00:00, 2013-02-20 05:00:00+00:00, , , 1970-01-01 05:00:00+00:00, 1
C479, S, 9.00, Lancets, 2015-05-01 04:00:00+00:00, 2013-02-20 05:00:00+00:00, , , 1970-01-01 05:00:00+00:00, 1
C480, L, 20.00, Gowns: Patient, Paper x54; Jackets, Paper x50, 1970-01-01 05:00:00+00:00, 2013-02-27 05:00:00+00:00, , , 1970-01-01 05:00:00+00:00, 1
C481, L, 16.00, Immobilizers: 2 Knee; 10 Elbow; 1 Back; 7 Sling; 2 Ankle; 3 Thumb; 3 Finger; 6 Wrist, 1970-01-01 05:00:00+00:00, 2013-02-27 05:00:00+00:00, , , 1970-01-01 05:00:00+00:00, 1
C482, L, 20.00, 20 Patient Warming Gowns, 1970-01-01 05:00:00+00:00, 2013-03-05 05:00:00+00:00, , , 1970-01-01 05:00:00+00:00, 1
C483, L, 20.00, Plastic Gowns x167; Aprons x108, 1970-01-01 05:00:00+00:00, 2013-03-05 05:00:00+00:00, , , 1970-01-01 05:00:00+00:00, 1
C484, L, 6.00, Positioning Devices: Knee Pillows; Elbow/Heel, 1970-01-01 05:00:00+00:00, 2013-03-15 04:00:00+00:00, , , 1970-01-01 05:00:00+00:00, 1
C485, L, 13.50, Immobilizers: 4 Foot; 1 Collar; 1 Back; 2 Sling, 1970-01-01 05:00:00+00:00, 2013-03-26 04:00:00+00:00, , , 1970-01-01 05:00:00+00:00, 1
C486, L, 12.50, Immobilizers: 1 Foot; 5 Collar; 2 Leg; 1 Back; 1 Sling; 5 Elbow, 1970-01-01 05:00:00+00:00, 2013-03-26 04:00:00+00:00, , , 1970-01-01 05:00:00+00:00, 1
C487, S, 10.00, Patient Care: Alternating Pressure Mattresses x2, 1970-01-01 05:00:00+00:00, 2013-04-01 04:00:00+00:00, , , 1970-01-01 05:00:00+00:00, 1
C488, S, 10.00, Patient Care: Alternating Pressure Mattresses x2, 1970-01-01 05:00:00+00:00, 2013-04-01 04:00:00+00:00, , , 1970-01-01 05:00:00+00:00, 1
C489, S, 10.00, Patient Care: Alternating Pressure Mattresses x2, 1970-01-01 05:00:00+00:00, 2013-04-01 04:00:00+00:00, , , 1970-01-01 05:00:00+00:00, 1
C490, S, 10.00, Patient Care: Alternating Pressure Mattresses x2, 1970-01-01 05:00:00+00:00, 2013-04-01 04:00:00+00:00, , , 1970-01-01 05:00:00+00:00, 1
C491, S, 10.00, Patient Care: Alternating Pressure Mattresses x2, 1970-01-01 05:00:00+00:00, 2013-04-01 04:00:00+00:00, , , 1970-01-01 05:00:00+00:00, 1
C492, S, 10.00, Patient Care: Alternating Pressure Mattresses x2, 1970-01-01 05:00:00+00:00, 2013-04-01 04:00:00+00:00, , , 1970-01-01 05:00:00+00:00, 1
C493, S, 18.50, Patient Care: Medicine Cups, 1970-01-01 05:00:00+00:00, 2013-04-01 04:00:00+00:00, , , 1970-01-01 05:00:00+00:00, 1
C494, S, 19.00, Patient Care: Medicine Cups, 1970-01-01 05:00:00+00:00, 2013-04-01 04:00:00+00:00, , , 1970-01-01 05:00:00+00:00, 1
C495, S, 20.00, Patient Care: Medicine Cups, 1970-01-01 05:00:00+00:00, 2013-04-01 04:00:00+00:00, , , 1970-01-01 05:00:00+00:00, 1
C496, S, 21.00, Patient Care: Medicine Cups, 1970-01-01 05:00:00+00:00, 2013-04-01 04:00:00+00:00, , , 1970-01-01 05:00:00+00:00, 1
C497, L, 5.20, Pillows x3, 1970-01-01 05:00:00+00:00, 2013-04-10 04:00:00+00:00, , , 1970-01-01 05:00:00+00:00, 1
C498, L, 16.00, Patient Care: Seat Cushions; Elbow/Heel Protectors; Orthotic Arch Supports, 1970-01-01 05:00:00+00:00, 2013-04-10 04:00:00+00:00, , , 1970-01-01 05:00:00+00:00, 1
C499, L, 21.00, Disposable BP Cuffs (Only), 1970-01-01 05:00:00+00:00, 2013-04-12 04:00:00+00:00, , , 1970-01-01 05:00:00+00:00, 1
C500, L, 11.50, Immobilizers: Cervical Collars; Shoulder; Wrist, 1970-01-01 05:00:00+00:00, 2013-04-26 04:00:00+00:00, , , 1970-01-01 05:00:00+00:00, 1
C501, L, 21.60, Immobilizers: 13 Cast Boots; 2 Ankle; 4 Wrist, 1970-01-01 05:00:00+00:00, 2013-04-26 04:00:00+00:00, , , 1970-01-01 05:00:00+00:00, 1
C502, L, 4.80, 7 Foam Pillows; 6 Elbow/Heel Protectors, 1970-01-01 05:00:00+00:00, 2013-05-13 04:00:00+00:00, , , 1970-01-01 05:00:00+00:00, 1
C503, L, 6.00, 6 Foam Pillows; 12 Elbow/Heel Protectors, 1970-01-01 05:00:00+00:00, 2013-05-13 04:00:00+00:00, , , 1970-01-01 05:00:00+00:00, 1
C504, L, 7.40, Bed Linens; Pillows, 1970-01-01 05:00:00+00:00, 2013-05-13 04:00:00+00:00, , , 1970-01-01 05:00:00+00:00, 1
C505, L, 16.40, Immobilizers: Wrist; Knee; Shoulder, 1970-01-01 05:00:00+00:00, 2013-05-13 04:00:00+00:00, , , 1970-01-01 05:00:00+00:00, 1
C506, L, 5.00, Abduction Pillow; 3 Neck Pillows, 1970-01-01 05:00:00+00:00, 2013-05-13 04:00:00+00:00, , , 1970-01-01 05:00:00+00:00, 1
C507, S, 5.80, Elbow/Heel, Hip Protectors, 1970-01-01 05:00:00+00:00, 2013-05-13 04:00:00+00:00, , , 1970-01-01 05:00:00+00:00, 1
C508, L, 13.00, Immobilizers: Shoulder; Cervical; Clavical, 1970-01-01 05:00:00+00:00, 2013-06-03 04:00:00+00:00, , , 1970-01-01 05:00:00+00:00, 1
C509, L, 20.80, Patient Care: Abd. Binders; Leg Lifters; Bedside Bags; Sitz Bath; Gait Belt; Med Cups; Lamb's Wool, 2017-12-01 05:00:00+00:00, 2013-06-07 04:00:00+00:00, , , 1970-01-01 05:00:00+00:00, 1
C510, S, 31.00, XL Post-Mortem Shroud Packs, 1970-01-01 05:00:00+00:00, 2013-07-12 04:00:00+00:00, , , 1970-01-01 05:00:00+00:00, 1
C511, S, 2.80, Immobilizers: Cervical Collars, 1970-01-01 05:00:00+00:00, 2013-08-07 04:00:00+00:00, , , 1970-01-01 05:00:00+00:00, 1
C512, L, 12.40, Immobilizers: Knee; Ankle; Cast Boots, 1970-01-01 05:00:00+00:00, 2013-08-07 04:00:00+00:00, , , 1970-01-01 05:00:00+00:00, 1
C513, L, 10.80, Elbow/Heel, Hip Protectors, 1970-01-01 05:00:00+00:00, 2013-08-07 04:00:00+00:00, , , 1970-01-01 05:00:00+00:00, 1
C514, L, 12.00, Immobilizers: Shoulder; Arm; Wrist, 1970-01-01 05:00:00+00:00, 2013-08-07 04:00:00+00:00, , , 1970-01-01 05:00:00+00:00, 1
C515, L, 5.00, Patient care: Foam, 1970-01-01 05:00:00+00:00, 2013-08-28 04:00:00+00:00, , , 1970-01-01 05:00:00+00:00, 1
C516, L, 16.60, Exam table paper x 100, 1970-01-01 05:00:00+00:00, 2013-08-28 04:00:00+00:00, , , 1970-01-01 05:00:00+00:00, 1
A32, L, 0.00, Drapers, 1970-01-01 05:00:00+00:00, 1970-01-01 05:00:00+00:00, , , 1970-01-01 05:00:00+00:00, 1
A33, S, 0.00, Endoscopy, 2012-04-01 04:00:00+00:00, 1970-01-01 05:00:00+00:00, , , 1970-01-01 05:00:00+00:00, 1
A40, L, 0.00, Autoscopy Kit, 1970-01-01 05:00:00+00:00, 2012-01-18 05:00:00+00:00, , , 1970-01-01 05:00:00+00:00, 1
A45, L, 0.00, Dental Mix, 1970-01-01 05:00:00+00:00, 2012-03-23 04:00:00+00:00, , , 1970-01-01 05:00:00+00:00, 1
A46, S, 0.00, Dental Exam Capes, 1970-01-01 05:00:00+00:00, 2012-05-23 04:00:00+00:00, , , 1970-01-01 05:00:00+00:00, 1
A47, S, 0.00, Dental Exam Capes, 1970-01-01 05:00:00+00:00, 2012-05-23 04:00:00+00:00, , , 1970-01-01 05:00:00+00:00, 1
A48, L, 19.00, OB Supplies, 2014-06-01 04:00:00+00:00, 2012-10-21 04:00:00+00:00, , , 1970-01-01 05:00:00+00:00, 1
A49, L, 23.00, OB/GYN Supplies, 2014-01-01 05:00:00+00:00, 2012-10-21 04:00:00+00:00, , , 1970-01-01 05:00:00+00:00, 1
A50, L, 22.50, Pediatric Chest Drains, 2016-06-01 04:00:00+00:00, 2012-10-24 04:00:00+00:00, , , 1970-01-01 05:00:00+00:00, 1
A51, S, 7.00, Pediatric Multivent Oxygen Masks, 1970-01-01 05:00:00+00:00, 2012-10-25 04:00:00+00:00, , , 1970-01-01 05:00:00+00:00, 1
A54, L, 17.00, Pediatric Respiratory Supplies: Breathing Circuits (14); O2 Masks (45); Suction Catheters; Tracheostomy Tubes, 2014-02-01 05:00:00+00:00, 2012-10-31 04:00:00+00:00, , , 1970-01-01 05:00:00+00:00, 1
A55, L, 20.00, Pediatric Supplies: Umbilical Clamps; Tape Measures; Nipples; Feeding Bottles; Electrodes (6 Bags), 2014-02-01 05:00:00+00:00, 2012-10-31 04:00:00+00:00, , , 1970-01-01 05:00:00+00:00, 1
A56, S, 6.00, OB/GYN: Sterile Swabs, 2016-03-01 05:00:00+00:00, 2012-10-31 04:00:00+00:00, , , 1970-01-01 05:00:00+00:00, 1
A57, S, 6.50, OB/GYN: Sterile Swabs, 2016-11-01 04:00:00+00:00, 2012-10-31 04:00:00+00:00, , , 1970-01-01 05:00:00+00:00, 1
A58, S, 8.00, OB/GYN: Sterile Swabs (~2000), 2016-08-01 04:00:00+00:00, 2012-10-31 04:00:00+00:00, , , 1970-01-01 05:00:00+00:00, 1
A59, S, 7.00, OB/GYN: Sterile Swabs (~1800), 2016-01-01 05:00:00+00:00, 2012-10-31 04:00:00+00:00, , , 1970-01-01 05:00:00+00:00, 1
A60, S, 9.50, Pediatric Nebulizers: 23 Neb-U-Mask Systems, 1970-01-01 05:00:00+00:00, 2012-11-02 04:00:00+00:00, , , 1970-01-01 05:00:00+00:00, 1
A61, S, 5.50, Pediatric Nebulizers w/ Mask (45), 1970-01-01 05:00:00+00:00, 2012-11-02 04:00:00+00:00, , , 1970-01-01 05:00:00+00:00, 1
A62, L, 19.00, GYN Mix, 2014-05-01 04:00:00+00:00, 2012-11-19 05:00:00+00:00, , , 1970-01-01 05:00:00+00:00, 1
A62, S, 5.50, Pediatric Nebulizer w/ Masks, 1970-01-01 05:00:00+00:00, 2012-11-19 05:00:00+00:00, , , 1970-01-01 05:00:00+00:00, 1
A63, L, 17.00, Pediatric Diapers (Preemie & Small), 1970-01-01 05:00:00+00:00, 2012-11-19 05:00:00+00:00, , , 1970-01-01 05:00:00+00:00, 1
A64, L, 16.50, 23 Pediatric Breathing Circuits, 1970-01-01 05:00:00+00:00, 2012-11-26 05:00:00+00:00, , , 1970-01-01 05:00:00+00:00, 1
A66, L, 23.00, Pediatric Mix, 1970-01-01 05:00:00+00:00, 2012-12-03 05:00:00+00:00, , , 1970-01-01 05:00:00+00:00, 1
A67, S, 7.00, 46 Plastic Vaginal Speculums, 1970-01-01 05:00:00+00:00, 2012-12-06 05:00:00+00:00, , , 1970-01-01 05:00:00+00:00, 1
A68, L, 14.00, Pediatric Diapers: Preemie Size 1, 1970-01-01 05:00:00+00:00, 2012-12-14 05:00:00+00:00, , , 1970-01-01 05:00:00+00:00, 1
A69, L, 22.00, Pediatric Supplies: Trays; OR Shoes; Endotracheal Tubes; etc., 2015-12-01 05:00:00+00:00, 2012-12-14 05:00:00+00:00, , , 1970-01-01 05:00:00+00:00, 1
A70, L, 29.00, Diapers: Preemie & Pediatric, 1970-01-01 05:00:00+00:00, 2013-01-04 05:00:00+00:00, , , 1970-01-01 05:00:00+00:00, 1
A71, L, 22.00, Pediatric Supplies: Trach. Tubes; Feeders; Post-Op Bots; Slings; etc., 2014-02-01 05:00:00+00:00, 2013-01-08 05:00:00+00:00, , , 1970-01-01 05:00:00+00:00, 1
A72, L, 23.00, Pedatrics Supplies: 100 Electrodes; 50 O2 Probes; 25 Feeding Syringes; etc., 1970-01-01 05:00:00+00:00, 2013-01-08 05:00:00+00:00, , , 1970-01-01 05:00:00+00:00, 1
A73, L, 18.00, OB/Gyn Mix: Umbilical clamps; Cord Blood Collection, 2015-05-01 04:00:00+00:00, 2013-01-28 05:00:00+00:00, , , 1970-01-01 05:00:00+00:00, 1
A74, L, 22.40, OB Pads (Incontinence & Postpartum) ~300; 1 Bag Misc. Pads, 1970-01-01 05:00:00+00:00, 1970-01-01 05:00:00+00:00, , , 1970-01-01 05:00:00+00:00, 1
A75, L, 15.50, Pediatric Supplies: Trach Trays; Holders; Masks, 2014-09-01 04:00:00+00:00, 2013-01-28 05:00:00+00:00, , , 1970-01-01 05:00:00+00:00, 1
A76, L, 22.00, Pediatric Supplies: Chest Drains; Circumsion Kits; Respiratory Mix, 2015-08-01 04:00:00+00:00, 2013-01-28 05:00:00+00:00, , , 1970-01-01 05:00:00+00:00, 1
A77, L, 26.00, OB Pads for Incontinence ~390, 1970-01-01 05:00:00+00:00, 1970-01-01 05:00:00+00:00, , , 1970-01-01 05:00:00+00:00, 1
A78, L, 19.00, Pediatric Diapers, 1970-01-01 05:00:00+00:00, 2013-02-07 05:00:00+00:00, , , 1970-01-01 05:00:00+00:00, 1
A79, L, 16.00, OB Speculums x94, 1970-01-01 05:00:00+00:00, 2013-03-05 05:00:00+00:00, , , 1970-01-01 05:00:00+00:00, 1
A80, L, 12.00, Pediatric Urine Collectors, Diapers, 1970-01-01 05:00:00+00:00, 2013-03-05 05:00:00+00:00, , , 1970-01-01 05:00:00+00:00, 1
A81, L, 18.00, Pediatic Supplies: Respiratory; Cardiac; IV, 1970-01-01 05:00:00+00:00, 2013-03-15 04:00:00+00:00, , , 1970-01-01 05:00:00+00:00, 1
A82, L, 17.00, Pediatric Supplies: Blood Collection; Feeding Bottles, 1970-01-01 05:00:00+00:00, 2013-03-05 05:00:00+00:00, , , 1970-01-01 05:00:00+00:00, 1
A83, S, 8.50, OB/GYN Mix: Vaginal Swabs, 2016-11-01 04:00:00+00:00, 2013-03-15 04:00:00+00:00, , , 1970-01-01 05:00:00+00:00, 1
A84, S, 7.00, Vaginal Speculums (Disposable): Med. x35; Lg. x15, 1970-01-01 05:00:00+00:00, 2013-04-01 04:00:00+00:00, , , 1970-01-01 05:00:00+00:00, 1
A85, L, 23.00, 100 Pediatric O2 Masks w/ Tubing, 1970-01-01 05:00:00+00:00, 2013-04-26 04:00:00+00:00, , , 1970-01-01 05:00:00+00:00, 1
A86, L, 27.00, Nebulizers: 100 Pediatric Sets, 1970-01-01 05:00:00+00:00, 2013-04-26 04:00:00+00:00, , , 1970-01-01 05:00:00+00:00, 1
A87, S, 17.00, Vaginal Speculums: 40 Metal; 15 Disposable, 1970-01-01 05:00:00+00:00, 2013-04-26 04:00:00+00:00, , , 1970-01-01 05:00:00+00:00, 1
A88, L, 14.40, Pediatric Suction Catheters, 1970-01-01 05:00:00+00:00, 2013-05-13 04:00:00+00:00, , , 1970-01-01 05:00:00+00:00, 1
A89, L, 22.40, Pediatric Supplies: Circumsion Trays; ET Tubes; LMAs; Masks; Colostomy Supplies, 1970-01-01 05:00:00+00:00, 2013-06-03 04:00:00+00:00, , , 1970-01-01 05:00:00+00:00, 1
A90, L, 15.60, Pediatric Supplies, 1970-01-01 05:00:00+00:00, 2013-06-03 04:00:00+00:00, , , 1970-01-01 05:00:00+00:00, 1
A91, L, 17.00, Pediatric Supplies: Bottles; Nipples; Breast Milk Containers; Dosing Syringes, 2016-05-01 04:00:00+00:00, 2013-07-11 04:00:00+00:00, , , 1970-01-01 05:00:00+00:00, 1
A92, L, 28.00, Pediatric Supplies: Respiratory; ID Bands; Urinary; Feeding Tubes, 2016-10-01 04:00:00+00:00, 2013-07-11 04:00:00+00:00, , , 1970-01-01 05:00:00+00:00, 1
A93, L, 15.60, Pediatric Cardiac Surgical Pack Parts A & B (Sterile), 2015-01-01 05:00:00+00:00, 2013-07-11 04:00:00+00:00, , , 1970-01-01 05:00:00+00:00, 1
A94, L, 20.00, Pediatric Diapers, 1970-01-01 05:00:00+00:00, 2013-08-07 04:00:00+00:00, , , 1970-01-01 05:00:00+00:00, 1
A95, L, 30.20, OB/GYN Mix, 2015-08-01 04:00:00+00:00, 2013-08-07 04:00:00+00:00, , , 1970-01-01 05:00:00+00:00, 1
A96, L, 10.60, OB/GYN: Disposable Briefs; VP III Swabs, 2017-10-01 04:00:00+00:00, 2013-08-07 04:00:00+00:00, , , 1970-01-01 05:00:00+00:00, 1
A97, L, 20.80, Vaginal Speculums (Disposable), 1970-01-01 05:00:00+00:00, 2013-08-07 04:00:00+00:00, , , 1970-01-01 05:00:00+00:00, 1
A98, S, 19.20, Vaginal Speculums (Metal), 1970-01-01 05:00:00+00:00, 2013-08-07 04:00:00+00:00, , , 1970-01-01 05:00:00+00:00, 1
A32, L, 0.00, Drapers, 1970-01-01 05:00:00+00:00, 1970-01-01 05:00:00+00:00, , , 1970-01-01 05:00:00+00:00, 1
A33, S, 0.00, Endoscopy, 2012-04-01 04:00:00+00:00, 1970-01-01 05:00:00+00:00, , , 1970-01-01 05:00:00+00:00, 1
A40, L, 0.00, Autoscopy Kit, 1970-01-01 05:00:00+00:00, 2012-01-18 05:00:00+00:00, , , 1970-01-01 05:00:00+00:00, 1
A45, L, 0.00, Dental Mix, 1970-01-01 05:00:00+00:00, 2012-03-23 04:00:00+00:00, , , 1970-01-01 05:00:00+00:00, 1
A46, S, 0.00, Dental Exam Capes, 1970-01-01 05:00:00+00:00, 2012-05-23 04:00:00+00:00, , , 1970-01-01 05:00:00+00:00, 1
A47, S, 0.00, Dental Exam Capes, 1970-01-01 05:00:00+00:00, 2012-05-23 04:00:00+00:00, , , 1970-01-01 05:00:00+00:00, 1
A48, L, 19.00, OB Supplies, 2014-06-01 04:00:00+00:00, 2012-10-21 04:00:00+00:00, , , 1970-01-01 05:00:00+00:00, 1
A49, L, 23.00, OB/GYN Supplies, 2014-01-01 05:00:00+00:00, 2012-10-21 04:00:00+00:00, , , 1970-01-01 05:00:00+00:00, 1
A50, L, 22.50, Pediatric Chest Drains, 2016-06-01 04:00:00+00:00, 2012-10-24 04:00:00+00:00, , , 1970-01-01 05:00:00+00:00, 1
A51, S, 7.00, Pediatric Multivent Oxygen Masks, 1970-01-01 05:00:00+00:00, 2012-10-25 04:00:00+00:00, , , 1970-01-01 05:00:00+00:00, 1
A54, L, 17.00, Pediatric Respiratory Supplies: Breathing Circuits (14); O2 Masks (45); Suction Catheters; Tracheostomy Tubes, 2014-02-01 05:00:00+00:00, 2012-10-31 04:00:00+00:00, , , 1970-01-01 05:00:00+00:00, 1
A55, L, 20.00, Pediatric Supplies: Umbilical Clamps; Tape Measures; Nipples; Feeding Bottles; Electrodes (6 Bags), 2014-02-01 05:00:00+00:00, 2012-10-31 04:00:00+00:00, , , 1970-01-01 05:00:00+00:00, 1
A56, S, 6.00, OB/GYN: Sterile Swabs, 2016-03-01 05:00:00+00:00, 2012-10-31 04:00:00+00:00, , , 1970-01-01 05:00:00+00:00, 1
A57, S, 6.50, OB/GYN: Sterile Swabs, 2016-11-01 04:00:00+00:00, 2012-10-31 04:00:00+00:00, , , 1970-01-01 05:00:00+00:00, 1
A58, S, 8.00, OB/GYN: Sterile Swabs (~2000), 2016-08-01 04:00:00+00:00, 2012-10-31 04:00:00+00:00, , , 1970-01-01 05:00:00+00:00, 1
A59, S, 7.00, OB/GYN: Sterile Swabs (~1800), 2016-01-01 05:00:00+00:00, 2012-10-31 04:00:00+00:00, , , 1970-01-01 05:00:00+00:00, 1
A60, S, 9.50, Pediatric Nebulizers: 23 Neb-U-Mask Systems, 1970-01-01 05:00:00+00:00, 2012-11-02 04:00:00+00:00, , , 1970-01-01 05:00:00+00:00, 1
A61, S, 5.50, Pediatric Nebulizers w/ Mask (45), 1970-01-01 05:00:00+00:00, 2012-11-02 04:00:00+00:00, , , 1970-01-01 05:00:00+00:00, 1
A62, L, 19.00, GYN Mix, 2014-05-01 04:00:00+00:00, 2012-11-19 05:00:00+00:00, , , 1970-01-01 05:00:00+00:00, 1
A62, S, 5.50, Pediatric Nebulizer w/ Masks, 1970-01-01 05:00:00+00:00, 2012-11-19 05:00:00+00:00, , , 1970-01-01 05:00:00+00:00, 1
A63, L, 17.00, Pediatric Diapers (Preemie & Small), 1970-01-01 05:00:00+00:00, 2012-11-19 05:00:00+00:00, , , 1970-01-01 05:00:00+00:00, 1
A64, L, 16.50, 23 Pediatric Breathing Circuits, 1970-01-01 05:00:00+00:00, 2012-11-26 05:00:00+00:00, , , 1970-01-01 05:00:00+00:00, 1
A66, L, 23.00, Pediatric Mix, 1970-01-01 05:00:00+00:00, 2012-12-03 05:00:00+00:00, , , 1970-01-01 05:00:00+00:00, 1
A67, S, 7.00, 46 Plastic Vaginal Speculums, 1970-01-01 05:00:00+00:00, 2012-12-06 05:00:00+00:00, , , 1970-01-01 05:00:00+00:00, 1
A68, L, 14.00, Pediatric Diapers: Preemie Size 1, 1970-01-01 05:00:00+00:00, 2012-12-14 05:00:00+00:00, , , 1970-01-01 05:00:00+00:00, 1
A69, L, 22.00, Pediatric Supplies: Trays; OR Shoes; Endotracheal Tubes; etc., 2015-12-01 05:00:00+00:00, 2012-12-14 05:00:00+00:00, , , 1970-01-01 05:00:00+00:00, 1
A70, L, 29.00, Diapers: Preemie & Pediatric, 1970-01-01 05:00:00+00:00, 2013-01-04 05:00:00+00:00, , , 1970-01-01 05:00:00+00:00, 1
A71, L, 22.00, Pediatric Supplies: Trach. Tubes; Feeders; Post-Op Bots; Slings; etc., 2014-02-01 05:00:00+00:00, 2013-01-08 05:00:00+00:00, , , 1970-01-01 05:00:00+00:00, 1
A72, L, 23.00, Pedatrics Supplies: 100 Electrodes; 50 O2 Probes; 25 Feeding Syringes; etc., 1970-01-01 05:00:00+00:00, 2013-01-08 05:00:00+00:00, , , 1970-01-01 05:00:00+00:00, 1
A73, L, 18.00, OB/Gyn Mix: Umbilical clamps; Cord Blood Collection, 2015-05-01 04:00:00+00:00, 2013-01-28 05:00:00+00:00, , , 1970-01-01 05:00:00+00:00, 1
A74, L, 22.40, OB Pads (Incontinence & Postpartum) ~300; 1 Bag Misc. Pads, 1970-01-01 05:00:00+00:00, 1970-01-01 05:00:00+00:00, , , 1970-01-01 05:00:00+00:00, 1
A75, L, 15.50, Pediatric Supplies: Trach Trays; Holders; Masks, 2014-09-01 04:00:00+00:00, 2013-01-28 05:00:00+00:00, , , 1970-01-01 05:00:00+00:00, 1
A76, L, 22.00, Pediatric Supplies: Chest Drains; Circumsion Kits; Respiratory Mix, 2015-08-01 04:00:00+00:00, 2013-01-28 05:00:00+00:00, , , 1970-01-01 05:00:00+00:00, 1
A77, L, 26.00, OB Pads for Incontinence ~390, 1970-01-01 05:00:00+00:00, 1970-01-01 05:00:00+00:00, , , 1970-01-01 05:00:00+00:00, 1
A78, L, 19.00, Pediatric Diapers, 1970-01-01 05:00:00+00:00, 2013-02-07 05:00:00+00:00, , , 1970-01-01 05:00:00+00:00, 1
A79, L, 16.00, OB Speculums x94, 1970-01-01 05:00:00+00:00, 2013-03-05 05:00:00+00:00, , , 1970-01-01 05:00:00+00:00, 1
A80, L, 12.00, Pediatric Urine Collectors, Diapers, 1970-01-01 05:00:00+00:00, 2013-03-05 05:00:00+00:00, , , 1970-01-01 05:00:00+00:00, 1
A81, L, 18.00, Pediatic Supplies: Respiratory; Cardiac; IV, 1970-01-01 05:00:00+00:00, 2013-03-15 04:00:00+00:00, , , 1970-01-01 05:00:00+00:00, 1
A82, L, 17.00, Pediatric Supplies: Blood Collection; Feeding Bottles, 1970-01-01 05:00:00+00:00, 2013-03-05 05:00:00+00:00, , , 1970-01-01 05:00:00+00:00, 1
A83, S, 8.50, OB/GYN Mix: Vaginal Swabs, 2016-11-01 04:00:00+00:00, 2013-03-15 04:00:00+00:00, , , 1970-01-01 05:00:00+00:00, 1
A84, S, 7.00, Vaginal Speculums (Disposable): Med. x35; Lg. x15, 1970-01-01 05:00:00+00:00, 2013-04-01 04:00:00+00:00, , , 1970-01-01 05:00:00+00:00, 1
A85, L, 23.00, 100 Pediatric O2 Masks w/ Tubing, 1970-01-01 05:00:00+00:00, 2013-04-26 04:00:00+00:00, , , 1970-01-01 05:00:00+00:00, 1
A86, L, 27.00, Nebulizers: 100 Pediatric Sets, 1970-01-01 05:00:00+00:00, 2013-04-26 04:00:00+00:00, , , 1970-01-01 05:00:00+00:00, 1
A87, S, 17.00, Vaginal Speculums: 40 Metal; 15 Disposable, 1970-01-01 05:00:00+00:00, 2013-04-26 04:00:00+00:00, , , 1970-01-01 05:00:00+00:00, 1
A88, L, 14.40, Pediatric Suction Catheters, 1970-01-01 05:00:00+00:00, 2013-05-13 04:00:00+00:00, , , 1970-01-01 05:00:00+00:00, 1
A89, L, 22.40, Pediatric Supplies: Circumsion Trays; ET Tubes; LMAs; Masks; Colostomy Supplies, 1970-01-01 05:00:00+00:00, 2013-06-03 04:00:00+00:00, , , 1970-01-01 05:00:00+00:00, 1
A90, L, 15.60, Pediatric Supplies, 1970-01-01 05:00:00+00:00, 2013-06-03 04:00:00+00:00, , , 1970-01-01 05:00:00+00:00, 1
A91, L, 17.00, Pediatric Supplies: Bottles; Nipples; Breast Milk Containers; Dosing Syringes, 2016-05-01 04:00:00+00:00, 2013-07-11 04:00:00+00:00, , , 1970-01-01 05:00:00+00:00, 1
A92, L, 28.00, Pediatric Supplies: Respiratory; ID Bands; Urinary; Feeding Tubes, 2016-10-01 04:00:00+00:00, 2013-07-11 04:00:00+00:00, , , 1970-01-01 05:00:00+00:00, 1
A93, L, 15.60, Pediatric Cardiac Surgical Pack Parts A & B (Sterile), 2015-01-01 05:00:00+00:00, 2013-07-11 04:00:00+00:00, , , 1970-01-01 05:00:00+00:00, 1
A94, L, 20.00, Pediatric Diapers, 1970-01-01 05:00:00+00:00, 2013-08-07 04:00:00+00:00, , , 1970-01-01 05:00:00+00:00, 1
A95, L, 30.20, OB/GYN Mix, 2015-08-01 04:00:00+00:00, 2013-08-07 04:00:00+00:00, , , 1970-01-01 05:00:00+00:00, 1
A96, L, 10.60, OB/GYN: Disposable Briefs; VP III Swabs, 2017-10-01 04:00:00+00:00, 2013-08-07 04:00:00+00:00, , , 1970-01-01 05:00:00+00:00, 1
A97, L, 20.80, Vaginal Speculums (Disposable), 1970-01-01 05:00:00+00:00, 2013-08-07 04:00:00+00:00, , , 1970-01-01 05:00:00+00:00, 1
A98, S, 19.20, Vaginal Speculums (Metal), 1970-01-01 05:00:00+00:00, 2013-08-07 04:00:00+00:00, , , 1970-01-01 05:00:00+00:00, 1
A32, L, 0.00, Drapers, 1970-01-01 05:00:00+00:00, 1970-01-01 05:00:00+00:00, , , 1970-01-01 05:00:00+00:00, 1
A33, S, 0.00, Endoscopy, 2012-04-01 04:00:00+00:00, 1970-01-01 05:00:00+00:00, , , 1970-01-01 05:00:00+00:00, 1
A40, L, 0.00, Autoscopy Kit, 1970-01-01 05:00:00+00:00, 2012-01-18 05:00:00+00:00, , , 1970-01-01 05:00:00+00:00, 1
A45, L, 0.00, Dental Mix, 1970-01-01 05:00:00+00:00, 2012-03-23 04:00:00+00:00, , , 1970-01-01 05:00:00+00:00, 1
A46, S, 0.00, Dental Exam Capes, 1970-01-01 05:00:00+00:00, 2012-05-23 04:00:00+00:00, , , 1970-01-01 05:00:00+00:00, 1
A47, S, 0.00, Dental Exam Capes, 1970-01-01 05:00:00+00:00, 2012-05-23 04:00:00+00:00, , , 1970-01-01 05:00:00+00:00, 1
A48, L, 19.00, OB Supplies, 2014-06-01 04:00:00+00:00, 2012-10-21 04:00:00+00:00, , , 1970-01-01 05:00:00+00:00, 1
A49, L, 23.00, OB/GYN Supplies, 2014-01-01 05:00:00+00:00, 2012-10-21 04:00:00+00:00, , , 1970-01-01 05:00:00+00:00, 1
A50, L, 22.50, Pediatric Chest Drains, 2016-06-01 04:00:00+00:00, 2012-10-24 04:00:00+00:00, , , 1970-01-01 05:00:00+00:00, 1
A51, S, 7.00, Pediatric Multivent Oxygen Masks, 1970-01-01 05:00:00+00:00, 2012-10-25 04:00:00+00:00, , , 1970-01-01 05:00:00+00:00, 1
A54, L, 17.00, Pediatric Respiratory Supplies: Breathing Circuits (14); O2 Masks (45); Suction Catheters; Tracheostomy Tubes, 2014-02-01 05:00:00+00:00, 2012-10-31 04:00:00+00:00, , , 1970-01-01 05:00:00+00:00, 1
A55, L, 20.00, Pediatric Supplies: Umbilical Clamps; Tape Measures; Nipples; Feeding Bottles; Electrodes (6 Bags), 2014-02-01 05:00:00+00:00, 2012-10-31 04:00:00+00:00, , , 1970-01-01 05:00:00+00:00, 1
A56, S, 6.00, OB/GYN: Sterile Swabs, 2016-03-01 05:00:00+00:00, 2012-10-31 04:00:00+00:00, , , 1970-01-01 05:00:00+00:00, 1
A57, S, 6.50, OB/GYN: Sterile Swabs, 2016-11-01 04:00:00+00:00, 2012-10-31 04:00:00+00:00, , , 1970-01-01 05:00:00+00:00, 1
A58, S, 8.00, OB/GYN: Sterile Swabs (~2000), 2016-08-01 04:00:00+00:00, 2012-10-31 04:00:00+00:00, , , 1970-01-01 05:00:00+00:00, 1
A59, S, 7.00, OB/GYN: Sterile Swabs (~1800), 2016-01-01 05:00:00+00:00, 2012-10-31 04:00:00+00:00, , , 1970-01-01 05:00:00+00:00, 1
A60, S, 9.50, Pediatric Nebulizers: 23 Neb-U-Mask Systems, 1970-01-01 05:00:00+00:00, 2012-11-02 04:00:00+00:00, , , 1970-01-01 05:00:00+00:00, 1
A61, S, 5.50, Pediatric Nebulizers w/ Mask (45), 1970-01-01 05:00:00+00:00, 2012-11-02 04:00:00+00:00, , , 1970-01-01 05:00:00+00:00, 1
A62, L, 19.00, GYN Mix, 2014-05-01 04:00:00+00:00, 2012-11-19 05:00:00+00:00, , , 1970-01-01 05:00:00+00:00, 1
A62, S, 5.50, Pediatric Nebulizer w/ Masks, 1970-01-01 05:00:00+00:00, 2012-11-19 05:00:00+00:00, , , 1970-01-01 05:00:00+00:00, 1
A63, L, 17.00, Pediatric Diapers (Preemie & Small), 1970-01-01 05:00:00+00:00, 2012-11-19 05:00:00+00:00, , , 1970-01-01 05:00:00+00:00, 1
A64, L, 16.50, 23 Pediatric Breathing Circuits, 1970-01-01 05:00:00+00:00, 2012-11-26 05:00:00+00:00, , , 1970-01-01 05:00:00+00:00, 1
A66, L, 23.00, Pediatric Mix, 1970-01-01 05:00:00+00:00, 2012-12-03 05:00:00+00:00, , , 1970-01-01 05:00:00+00:00, 1
A67, S, 7.00, 46 Plastic Vaginal Speculums, 1970-01-01 05:00:00+00:00, 2012-12-06 05:00:00+00:00, , , 1970-01-01 05:00:00+00:00, 1
A68, L, 14.00, Pediatric Diapers: Preemie Size 1, 1970-01-01 05:00:00+00:00, 2012-12-14 05:00:00+00:00, , , 1970-01-01 05:00:00+00:00, 1
A69, L, 22.00, Pediatric Supplies: Trays; OR Shoes; Endotracheal Tubes; etc., 2015-12-01 05:00:00+00:00, 2012-12-14 05:00:00+00:00, , , 1970-01-01 05:00:00+00:00, 1
A70, L, 29.00, Diapers: Preemie & Pediatric, 1970-01-01 05:00:00+00:00, 2013-01-04 05:00:00+00:00, , , 1970-01-01 05:00:00+00:00, 1
A71, L, 22.00, Pediatric Supplies: Trach. Tubes; Feeders; Post-Op Bots; Slings; etc., 2014-02-01 05:00:00+00:00, 2013-01-08 05:00:00+00:00, , , 1970-01-01 05:00:00+00:00, 1
A72, L, 23.00, Pedatrics Supplies: 100 Electrodes; 50 O2 Probes; 25 Feeding Syringes; etc., 1970-01-01 05:00:00+00:00, 2013-01-08 05:00:00+00:00, , , 1970-01-01 05:00:00+00:00, 1
A73, L, 18.00, OB/Gyn Mix: Umbilical clamps; Cord Blood Collection, 2015-05-01 04:00:00+00:00, 2013-01-28 05:00:00+00:00, , , 1970-01-01 05:00:00+00:00, 1
A74, L, 22.40, OB Pads (Incontinence & Postpartum) ~300; 1 Bag Misc. Pads, 1970-01-01 05:00:00+00:00, 1970-01-01 05:00:00+00:00, , , 1970-01-01 05:00:00+00:00, 1
A75, L, 15.50, Pediatric Supplies: Trach Trays; Holders; Masks, 2014-09-01 04:00:00+00:00, 2013-01-28 05:00:00+00:00, , , 1970-01-01 05:00:00+00:00, 1
A76, L, 22.00, Pediatric Supplies: Chest Drains; Circumsion Kits; Respiratory Mix, 2015-08-01 04:00:00+00:00, 2013-01-28 05:00:00+00:00, , , 1970-01-01 05:00:00+00:00, 1
A77, L, 26.00, OB Pads for Incontinence ~390, 1970-01-01 05:00:00+00:00, 1970-01-01 05:00:00+00:00, , , 1970-01-01 05:00:00+00:00, 1
A78, L, 19.00, Pediatric Diapers, 1970-01-01 05:00:00+00:00, 2013-02-07 05:00:00+00:00, , , 1970-01-01 05:00:00+00:00, 1
A79, L, 16.00, OB Speculums x94, 1970-01-01 05:00:00+00:00, 2013-03-05 05:00:00+00:00, , , 1970-01-01 05:00:00+00:00, 1
A80, L, 12.00, Pediatric Urine Collectors, Diapers, 1970-01-01 05:00:00+00:00, 2013-03-05 05:00:00+00:00, , , 1970-01-01 05:00:00+00:00, 1
A81, L, 18.00, Pediatic Supplies: Respiratory; Cardiac; IV, 1970-01-01 05:00:00+00:00, 2013-03-15 04:00:00+00:00, , , 1970-01-01 05:00:00+00:00, 1
A82, L, 17.00, Pediatric Supplies: Blood Collection; Feeding Bottles, 1970-01-01 05:00:00+00:00, 2013-03-05 05:00:00+00:00, , , 1970-01-01 05:00:00+00:00, 1
A83, S, 8.50, OB/GYN Mix: Vaginal Swabs, 2016-11-01 04:00:00+00:00, 2013-03-15 04:00:00+00:00, , , 1970-01-01 05:00:00+00:00, 1
A84, S, 7.00, Vaginal Speculums (Disposable): Med. x35; Lg. x15, 1970-01-01 05:00:00+00:00, 2013-04-01 04:00:00+00:00, , , 1970-01-01 05:00:00+00:00, 1
A85, L, 23.00, 100 Pediatric O2 Masks w/ Tubing, 1970-01-01 05:00:00+00:00, 2013-04-26 04:00:00+00:00, , , 1970-01-01 05:00:00+00:00, 1
A86, L, 27.00, Nebulizers: 100 Pediatric Sets, 1970-01-01 05:00:00+00:00, 2013-04-26 04:00:00+00:00, , , 1970-01-01 05:00:00+00:00, 1
A87, S, 17.00, Vaginal Speculums: 40 Metal; 15 Disposable, 1970-01-01 05:00:00+00:00, 2013-04-26 04:00:00+00:00, , , 1970-01-01 05:00:00+00:00, 1
A88, L, 14.40, Pediatric Suction Catheters, 1970-01-01 05:00:00+00:00, 2013-05-13 04:00:00+00:00, , , 1970-01-01 05:00:00+00:00, 1
A89, L, 22.40, Pediatric Supplies: Circumsion Trays; ET Tubes; LMAs; Masks; Colostomy Supplies, 1970-01-01 05:00:00+00:00, 2013-06-03 04:00:00+00:00, , , 1970-01-01 05:00:00+00:00, 1
A90, L, 15.60, Pediatric Supplies, 1970-01-01 05:00:00+00:00, 2013-06-03 04:00:00+00:00, , , 1970-01-01 05:00:00+00:00, 1
A91, L, 17.00, Pediatric Supplies: Bottles; Nipples; Breast Milk Containers; Dosing Syringes, 2016-05-01 04:00:00+00:00, 2013-07-11 04:00:00+00:00, , , 1970-01-01 05:00:00+00:00, 1
A92, L, 28.00, Pediatric Supplies: Respiratory; ID Bands; Urinary; Feeding Tubes, 2016-10-01 04:00:00+00:00, 2013-07-11 04:00:00+00:00, , , 1970-01-01 05:00:00+00:00, 1
A93, L, 15.60, Pediatric Cardiac Surgical Pack Parts A & B (Sterile), 2015-01-01 05:00:00+00:00, 2013-07-11 04:00:00+00:00, , , 1970-01-01 05:00:00+00:00, 1
A94, L, 20.00, Pediatric Diapers, 1970-01-01 05:00:00+00:00, 2013-08-07 04:00:00+00:00, , , 1970-01-01 05:00:00+00:00, 1
A95, L, 30.20, OB/GYN Mix, 2015-08-01 04:00:00+00:00, 2013-08-07 04:00:00+00:00, , , 1970-01-01 05:00:00+00:00, 1
A96, L, 10.60, OB/GYN: Disposable Briefs; VP III Swabs, 2017-10-01 04:00:00+00:00, 2013-08-07 04:00:00+00:00, , , 1970-01-01 05:00:00+00:00, 1
A97, L, 20.80, Vaginal Speculums (Disposable), 1970-01-01 05:00:00+00:00, 2013-08-07 04:00:00+00:00, , , 1970-01-01 05:00:00+00:00, 1
A98, S, 19.20, Vaginal Speculums (Metal), 1970-01-01 05:00:00+00:00, 2013-08-07 04:00:00+00:00, , , 1970-01-01 05:00:00+00:00, 1
